id,url,title,label,comment
EN-001,https://www.coindesk.com/tech/2024/03/25/how-many-years-will-sbf-get-jurys-out-on-betting-platform-polymarket,How Many Years Will SBF Get? Jury's Out on Betting Platform Polymarket,neutral,
EN-002,https://cointelegraph.com/news/team-officially-re-establishes-dogecoin-foundation-after-6-years,Team officially reestablishes Dogecoin Foundation after 6 years,positive,
EN-003,https://cryptopanic.com/news/8098102/Bitcoin-price-spikes-200-then-falls-on-Fed-rate-cut,Bitcoin price spikes $200 then falls on Fed rate cut,neutral,
EN-004,https://decrypt.co/121243/ordinals-gain-momentum-with-76000-nfts-minted-to-bitcoin,"Ordinals Gain Momentum With 76,000 NFTs Minted to Bitcoin",positive,
EN-005,https://www.coindesk.com/markets/2021/01/13/analysts-are-gloomy-about-bitcoins-short-term-price-outlook-right-now,Analysts Are Gloomy About Bitcoin's Short-Term Price Outlook Right Now,negative,
EN-006,https://cryptopanic.com/news/5667264/post-5667264,"Analyst: In the summer, bitcoin is unlikely to demonstrate impressive dynamics",negative,
EN-007,https://decrypt.co/97442/72-of-financial-advisors-would-invest-more-in-crypto-if-spot-etf-were-available-nasdaq-survey,72% of Financial Advisors Would Invest More in Crypto If Spot ETF Were Available: Nasdaq Survey,positive,
EN-008,https://www.coindesk.com/policy/2024/08/29/cash-to-crypto-industry-dominated-by-atms-is-a-law-enforcement-concern-trm-labs,Cash-to-Crypto Industry Dominated by ATMs Is a Law-Enforcement Concern: TRM Labs,negative,
EN-009,https://decrypt.co/209113/novel-wallet-is-a-book-that-hides-your-bitcoin,Novel Wallet Is a Book That Hides Your Bitcoin,neutral,
EN-010,https://cryptopanic.com/news/9153839/Bitcoin-Ether-and-XRP-Weekly-Market-Update-June-22-2020,"Bitcoin, Ether, and XRP Weekly Market Update June 22, 2020",neutral,
EN-011,https://cryptopanic.com/news/5485193/NYSE-Arca-Wilshire-SEC-ETF,NYSE Arca and Wilshire have applied to the SEC to launch Bitcoin-ETF,positive,
EN-012,https://cointelegraph.com/news/ether-crypto-traders-price-expectations-spot-eth-etf,ETH traders should ‘expect the unexpected’ after ETF launch,neutral,
EN-013,https://www.coindesk.com/business/2020/10/12/coinbase-wallet-users-can-now-purchase-crypto-inside-the-app,Coinbase Wallet Users Can Now Purchase Crypto Inside the App,positive,
EN-014,https://www.coindesk.com/business/2024/04/25/microstrategy-could-merit-sp-500-inclusion-if-it-adopts-new-accounting-rules-benchmark,MicroStrategy Could Merit S&P 500 Inclusion If It Adopts New Accounting Rules: Benchmark,positive,
EN-015,https://cryptopanic.com/news/6448307/Crypto-Market-Is-On-The-Thin-Ice-Top-Last-Week-BTC-ETH-XRP-Price-Predictions-From-Youtube,"Crypto Market Is On The Thin Ice: Top Last Week BTC, ETH, XRP Price Predictions From Youtube",negative,
EN-016,https://www.coindesk.com/markets/2020/10/10/bitcoin-nears-115k-on-us-stimulus-prospects-seems-to-confirm-bullish-trend,"Bitcoin Nears $11.5K on US Stimulus Prospects, Seems to Confirm Bullish Trend",positive,
EN-017,https://decrypt.co/90265/jack-dorsey-announces-legal-defense-fund-bitcoin-developers,Jack Dorsey Announces a Legal Defense Fund for Bitcoin Developers,positive,
EN-018,https://cryptonews.com/news/mastercards-nft-product-lead-resigns-leaves-behind-surprising-farewell-gift/,"Mastercard’s NFT Product Lead Resigns, Leaves Behind a Surprising Farewell Gift",neutral,
EN-019,https://cryptonews.com/news/sec-chair-gary-gensler-remains-tight-lipped-on-future-of-spot-bitcoin-etfs/,SEC Chair Gary Gensler Remains Tight-Lipped on Future of Spot Bitcoin ETFs,neutral,
EN-020,https://cryptopanic.com/news/3044673/Ethereums-Vlad-Zamfir-Claims-Milestone-In-Blockchain-Sharding,Ethereum's Vlad Zamfir Claims Milestone In Blockchain Sharding,positive,
EN-021,https://decrypt.co/318571/kuwait-escalates-illegal-crypto-mining-crackdown-questioning-116,"Kuwait Escalates Illegal Crypto Mining Crackdown, Questioning 116",negative,
EN-022,https://www.coindesk.com/business/2025/03/18/halliday-raises-usd20m-for-ai-protocol-to-eliminate-writing-smart-contracts-for-defi,AI Protocol Halliday Raises $20M to Help Developers 'Never Write a Smart Contract Again',positive,
EN-023,https://decrypt.co/97593/solana-nfts-rarible-marketplace-following-opensea,Solana NFTs Now Heading to Rarible Following OpenSea Debut,positive,
EN-024,https://cryptonews.com/news/very-few-transactions-happen-on-crypto-unless-its-drugs-minneapolis-fed-president/,"“Very Few Transactions Happen on Crypto, Unless it’s Drugs:” Minneapolis Fed President",negative,
EN-025,https://cointelegraph.com/news/polkadot-to-debut-parachain-auctions-after-governance-vote,Polkadot to debut parachain auctions after governance vote,positive,
EN-026,https://cryptopanic.com/news/3633472/Bitcoin-Price-Analysis-Nov11-Support-holds-still-dangerous,"Bitcoin Price Analysis Nov.11: Support holds, still dangerous",neutral,
EN-027,https://cryptonews.com/news/fartcoin-pumps-20-is-100-really-possible-price-prediction-solx/,Fartcoin Pumps 20% – Is $100 Really Possible? (Price Prediction),positive,
EN-028,https://decrypt.co/62580/interest-in-nfts-has-reached-2017-ico-levels,NFT Google Searches Have Reached 2017 ICO Levels,positive,
EN-029,https://www.coindesk.com/business/2023/06/20/deutsche-bank-applies-for-digital-asset-license-in-germany-as-tradfi-pushes-further-into-crypto,Deutsche Bank Applies for Digital Asset License in Germany as TradFi Pushes Further Into Crypto,positive,
EN-030,https://www.coindesk.com/markets/2021/12/02/bitcoin-struggles-near-resistance-support-at-53k,Bitcoin Struggles Near Resistance; Support at $53K,negative,
EN-031,https://cryptopanic.com/news/4426715/Bitcoin-doesnt-incentivize-green-energy,Bitcoin doesn’t incentivize green energy,negative,
EN-032,https://cryptopanic.com/news/8579976/TOP-3-Bitcoin-and-Crypto-News-for-Today-23-April,TOP 3 Bitcoin and Crypto News for Today: 23 April,neutral,
EN-033,https://www.coindesk.com/markets/2020/06/02/no-marvin-ammori-coindesk-is-not-trying-to-extort-you,"No, Marvin Ammori, CoinDesk Is Not Trying to Extort You",neutral,
EN-034,https://cointelegraph.com/news/web3-has-permanently-changed-how-marketing-works,Web3 has permanently changed how marketing works,positive,
EN-035,https://decrypt.co/115421/bitcoin-will-become-less-important-cybercrime-payments-kaspersky,Bitcoin Will Become ‘Less Important’ for Cybercrime Payments: Kaspersky,positive,
EN-036,https://cointelegraph.com/news/uganda-s-gold-discovery-what-it-could-mean-for-crypto,Uganda’s gold discovery: What it could mean for crypto,neutral,
EN-037,https://cryptopanic.com/news/9216947/Ethereum-Price-Analysis-ETH-Dropped-Below-a-3-Month-Rising-Trend-As-Bears-Start-to-Settle-Whats-Next,"Ethereum Price Analysis: ETH Dropped Below a 3-Month Rising Trend As Bears Start to Settle, What’s Next?",negative,
EN-038,https://decrypt.co/62509/will-grayscale-convert-gbtc-to-a-bitcoin-etf,Will Grayscale Convert GBTC to a Bitcoin ETF?,neutral,
EN-039,https://cointelegraph.com/news/story-launches-experimental-framework-allowing-ai-agents-to-interact-on-chain,Story introduces experimental framework for AI agents to interact onchain,positive,
EN-040,https://cryptopanic.com/news/3525104/Ernst-Young-Ethereum,Ernst & Young adapted evidence with zero disclosure for Ethereum,positive,
EN-041,https://www.coindesk.com/policy/2023/05/26/crypto-exchange-coinones-former-exec-acknowledges-bribery-charges-in-south-korea-report,Crypto Exchange Coinone's Former Exec Acknowledges Bribery Charges in South Korea: Report,negative,
EN-042,https://decrypt.co/303457/bitcoin-bull-howard-lutnick-defends-tether-senate,Bitcoin Bull Howard Lutnick Defends Tether in Senate Hearing—But Supports Stablecoin Audits,neutral,
EN-043,https://blockworks.co/news/kucoin-mining-pool-halt-operations,KuCoin’s mining pool to halt operations ‘until further notice’,negative,
EN-044,https://www.coindesk.com/opinion/2022/03/12/the-first-crypto-war-may-lead-to-lasting-peace,The First Crypto War May Lead to Lasting Peace,neutral,
EN-045,https://www.coindesk.com/consensus-magazine/2022/12/05/introducing-consensus-magazine-putting-web3-in-perspective,Introducing Consensus Magazine: Putting Web3 in Perspective,neutral,
EN-046,https://www.coindesk.com/business/2020/01/30/zaps-new-product-lets-merchants-take-dollars-over-lightning-network,Zap's New Product Lets Merchants Take Dollars Over Lightning Network,positive,
EN-047,https://www.coindesk.com/markets/2020/07/02/bitcoin-miners-saw-23-revenue-drop-in-june,Bitcoin Miners Saw 23% Revenue Drop in June,negative,
EN-048,https://www.coindesk.com/markets/2021/03/26/kentucky-governor-signs-tax-breaks-for-crypto-miners-into-law,Kentucky Governor Signs Tax Breaks for Crypto Miners Into Law,positive,
EN-049,https://cryptopanic.com/news/8937110/100-000,"The analyst expects an increase in bitcoin above $ 100,000 in the near future",positive,
EN-050,https://www.coindesk.com/policy/2022/04/14/us-officials-tie-north-korean-hacker-group-to-axies-ronin-exploit,US Officials Tie North Korea’s ‘Lazarus’ Hackers to $625M Crypto Theft,negative,
EN-051,https://cointelegraph.com/news/sotheby-s-will-take-eth-bids-in-real-time-for-banksy-auction,Sotheby's will take ETH bids in real time for Banksy auction,positive,
EN-052,https://cryptopanic.com/news/151489/Russia-Blasts-Decision-to-Extradite-Alleged-Bitcoin-Money-Launderer,Russia Blasts Decision to Extradite Alleged Bitcoin Money Launderer,negative,
EN-053,https://cointelegraph.com/news/bitcoin-will-survive-failure-of-any-giant-in-crypto-samson-mow-says,"Bitcoin will survive failure of ‘any giant’ in crypto, Samson Mow says",positive,
EN-054,https://blockworks.co/news/copper-in-midst-of-196m-funding-round,Copper in Midst of $196M Funding Round,positive,
EN-055,https://cryptopanic.com/news/5945525/Ripple-Price-Analysis-XRP-Continues-to-Battle-With-040-Level-as-Bulls-Gear-Up,Ripple Price Analysis: XRP Continues to Battle With $0.40 Level as Bulls Gear Up,neutral,
EN-056,https://cryptopanic.com/news/3064348/Tienes-hasta-4-opciones-para-ganar-ethers-con-Dice2win,You have up to 4 options to win Ethers with Dise2win,neutral,
EN-057,https://cointelegraph.com/news/jackson-tennessee-follows-miami-s-lead-to-adopt-bitcoin-operations,"Jackson, Tennessee follows Miami's lead to adopt Bitcoin operations",positive,
EN-058,https://cointelegraph.com/news/chinese-chip-designer-reportedly-filed-for-50m-nasdaq-ipo,Chinese chip designer reportedly filed for $50M Nasdaq IPO,positive,
EN-059,https://blockworks.co/news/spot-crypto-trading-wall-street-interestschwab,Spot crypto trading to become ‘commoditized’ as Wall St. interest persists,positive,
EN-060,https://cointelegraph.com/news/swiss-national-bank-president-doesnt-want-bitcoin-to-be-a-reserve-asset,"Bitcoin isn’t a worthy reserve asset, Swiss National Bank president says: Report",negative,
EN-061,https://cointelegraph.com/news/sushi-swap-team-treasury-takeover-looks-likely-amid-heated-debate,SushiSwap team treasury takeover looks likely despite heated debate,neutral,
EN-062,https://cryptopanic.com/news/1928752/-,"In New York, bankers protested against bitcoin",negative,
EN-063,https://cointelegraph.com/press-releases/why-compliance-transparency-and-security-are-the-key-pillars-to-huobi-trusts-custody-strategy,"Why compliance, transparency and security are the key pillars to Huobi Trust’s custody strategy",neutral,
EN-064,https://decrypt.co/218076/honduras-ban-crypto-bitcoin-versus-latin-central-america,"Honduras Bans Crypto in Banking, Bucking Regional Bitcoin Trends",negative,
EN-065,https://cointelegraph.com/news/crypto-com-s-cronos-partners-with-chainalysis-to-track-crc-20-tokens,Crypto.com’s Cronos partners with Chainalysis to track CRC-20 tokens,positive,
EN-066,https://cointelegraph.com/news/google-running-crypto-ads-again-as-new-policy-goes-into-effect,Google running crypto ads again as new policy goes into effect,positive,
EN-067,https://cryptopanic.com/news/10429263/Ethereum-miners-generated-214M-in-revenue-in-October,Ethereum miners generated $214M in revenue in October,positive,
EN-068,https://cryptopanic.com/news/10464298/The-10-Public-Companies-With-the-Biggest-Bitcoin-Portfolios,The 10 Public Companies With the Biggest Bitcoin Portfolios,neutral,
EN-069,https://cointelegraph.com/news/eth-price-1-2-k-ethereum-pos-deflation-fees-all-time-lows,ETH price to $1.2K? Ethereum's PoS ‘deflation’ ends with fees at all-time lows,neutral,
EN-070,https://cryptonews.com/news/analysts-caution-coinbase-faces-significant-regulatory-pressure-despite-ripples-court-win/,Analysts Caution Coinbase Faces Significant Regulatory Pressure Despite Ripple’s Court Win,negative,
EN-071,https://decrypt.co/99901/nearly-half-global-bitcoin-holders-out-of-the-money-today,Nearly Half of Global Bitcoin Holders Out of the Money Today,negative,
EN-072,https://www.coindesk.com/markets/2020/06/04/bloomberg-analysts-predict-20k-bitcoin-this-year,Bloomberg Analysts Predict $20K Bitcoin This Year,positive,
EN-073,https://blockworks.co/news/strike-rolls-out-shopify-partnership-facilitates-online-bitcoin-transactions,"Strike Rolls Out Shopify Partnership, Facilitates Online Bitcoin Transactions",positive,
EN-074,https://www.coindesk.com/markets/2020/10/01/why-hardnosed-bitcoiners-can-learn-to-love-defi,Why Hardnosed Bitcoiners Can Learn to Love DeFi,neutral,
EN-075,https://www.coindesk.com/markets/2020/05/12/bitcoin-news-roundup-for-may-12-2020,"Bitcoin News Roundup for May 12, 2020",neutral,
EN-076,https://cryptopanic.com/news/4791880/Binance-Coin-Price-Prediction-Will-Nice-Rally-Continue-in-March-2019,Binance Coin Price Prediction – Will Nice Rally Continue in March 2019?,positive,
EN-077,https://www.coindesk.com/markets/2019/08/08/crypto-startup-alum-katherine-wu-joins-vc-firm-notation-capital,Crypto Startup Alum Katherine Wu Joins VC Firm Notation Capital,neutral,
EN-078,https://www.coindesk.com/markets/2023/09/01/lira-backed-tryb-token-becomes-worlds-second-largest-non-dollar-pegged-stablecoin,Lira-Backed TRYB Token Becomes World's Second-Largest Non-Dollar-Pegged Stablecoin,positive,
EN-079,https://cointelegraph.com/news/uzbekistan-has-no-plans-to-ease-crypto-payments-ban-says-official,"Uzbekistan has no plans to ease crypto payments ban, says official",negative,
EN-080,https://cointelegraph.com/news/rwa-tokenization-panel-paris-blockchain-week-2025,Real estate not the best asset for RWA tokenization — Michael Sonnenshein,neutral,
EN-081,https://decrypt.co/223991/dogwifhat-wif-flips-pepe-all-time-high,"Dogwifhat Hits All-Time High, Flips Pepe as Meme Coins Soar",positive,
EN-082,https://www.coindesk.com/business/2022/04/28/telegram-adds-crypto-to-messaging-app-opening-path-to-payments,"Crypto Added to Telegram by TON Stewards, Opening Path to Payments",positive,
EN-083,https://cryptopanic.com/news/9519575/4500000-Bitcoin-Ransom-Paid-by-Travel-Giant-CWT,"$4,500,000 Bitcoin Ransom Paid by Travel Giant CWT",negative,
EN-084,https://cryptopanic.com/news/8299287/Bitcoin-BTC-Price-Prediction-Expectations-for-Continued-Growth-to-7000-or-Decline-to-5500,"Bitcoin (BTC) Price Prediction: Expectations for Continued Growth to $7,000 or Decline to $5,500?",neutral,
EN-085,https://cointelegraph.com/news/breaking-bsv-reportedly-suffers-massive-51-attack,Breaking: BSV reportedly suffers ‘massive’ 51% attack,negative,
EN-086,https://www.coindesk.com/business/2021/07/20/signature-bank-adds-63b-in-deposits-from-digital-asset-customers,Signature Bank Adds $6.3B in Deposits from Digital Asset Customers,positive,
EN-087,https://cryptopanic.com/news/5135210/Binance-is-delisting-Bitcoin-SV,Binance is delisting Bitcoin SV,negative,
EN-088,https://www.coindesk.com/markets/2021/03/12/sushiswaps-sushi-seen-at-100-value-up-fivefold-from-current-level,"SushiSwap's SUSHI Seen at $100 Value, Up Fivefold From Current Level",positive,
EN-089,https://cointelegraph.com/news/75-of-marathon-s-mining-fleet-still-offline-two-weeks-after-huge-storm,75% of Marathon’s mining fleet still offline two weeks after huge storm,negative,
EN-090,https://cryptonews.com/news/elon-musk-to-back-cardano-hoskinson-hints-at-us-adoption-plan/,Elon Musk to Back Cardano? Hoskinson Hints at US Crypto Adoption Plans,positive,
EN-091,https://decrypt.co/299978/texas-court-orders-bitcoin-investor-to-surrender-keys-to-124-million-stash,Texas Court Orders Bitcoin Investor to Surrender Keys to $124 Million Stash,negative,
EN-092,https://www.coindesk.com/markets/2019/07/08/bitcoin-price-nears-12k-after-rising-500-in-minutes,Bitcoin Price Nears $12K After Rising $500 in Minutes,positive,
EN-093,https://www.coindesk.com/learn/how-are-institutions-and-companies-investing-in-crypto,How Are Institutions and Companies Investing in Crypto?,neutral,
EN-094,https://cryptonews.com/news/bitcoin-nears-80k-forms-double-bottomis-a-major-reversal-ahead/,"Bitcoin Nears $80K, Forms Double Bottom—Is a Major Reversal Ahead?",neutral,
EN-095,https://decrypt.co/101293/nfl-mythical-games-play-and-own-nft-game-nfl-rivals,NFL and Mythical Games to Launch 'Play-and-Own' NFT Game 'NFL Rivals',positive,
EN-096,https://blockworks.co/news/ore-wins-50k-solana-hackathon,Solana congestion culprit Ore wins $50K from hackathon,neutral,
EN-097,https://www.coindesk.com/markets/2023/08/15/first-mover-americas-hederas-token-gains-on-fed-move,First Mover Americas: Europe's First Spot Bitcoin ETF Opens in Holland,positive,
EN-098,https://cryptopanic.com/news/7799647/Japan-gets-its-first-crypto-asset-index-for-institutional-investors,Japan gets its first crypto asset index for institutional investors,positive,
EN-099,https://cointelegraph.com/news/dcg-owes-creditors-over-3b-considering-500m-vc-portfolio-sale,"Breaking: DCG owes creditors over $3B, considering $500M VC portfolio sale",negative,
EN-100,https://www.coindesk.com/markets/2025/02/25/metaplanet-buys-135-more-bitcoin-to-become-a-top-15-publicly-traded-btc-holder,Metaplanet Buys Another 135 Bitcoin,positive,
EN-101,https://cointelegraph.com/news/global-central-bank-gold-rush-could-spark-bitcoin-price-run-to-new-all-time-highs,Global central bank gold rush could spark Bitcoin price run to new all-time highs,positive,
EN-102,https://decrypt.co/292324/bitcoin-all-time-high-price-nov19,"Bitcoin Hits New All-Time High Price Above $93,500",positive,
EN-103,https://cointelegraph.com/news/crypto-friendly-banking-app-now-one-of-europes-most-valuable-fintechs,Crypto-Friendly Banking App Now One of Europe's Most Valuable Fintechs,positive,
EN-104,https://cryptopanic.com/news/7578708/Ripples-Partner-MoneyGram-Breaks-Major-Transaction-Record-During-Holidays,Ripple's Partner MoneyGram Breaks Major Transaction Record During Holidays,positive,
EN-105,https://www.coindesk.com/business/2021/09/06/former-huobi-exec-launches-25m-fund-seeking-to-bridge-cefi-defi-and-the-metaverse,"Former Huobi Exec Launches $25M Fund Seeking to Bridge CeFi, DeFi and the Metaverse",positive,
EN-106,https://www.coindesk.com/markets/2019/08/01/r3-doubles-london-office-space-for-blockchain-hiring-spree,R3 Doubles London Office Space for Blockchain Hiring Spree,positive,
EN-107,https://cryptopanic.com/news/4299013/Market-Covered-by-Bullish-Wave-with-ETH-Still-Holding-Above-XRP-Showing-Potential-for-Further-Rise,"Market Covered by Bullish Wave with ETH Still Holding Above XRP, Showing Potential for Further Rise",positive,
EN-108,https://cryptonews.com/news/elon-musks-verbal-outburst-sparks-surge-in-gfy-meme-coins/,Elon Musk’s Verbal Outburst Sparks Surge in ‘GFY’ Meme Coins,positive,
EN-109,https://cointelegraph.com/news/coinbase-earnings-q4-revenue-surge-beat-analyst-expectations,Coinbase Q4 revenue surges 88% as Trump’s election boosts crypto prices,positive,
EN-110,https://cointelegraph.com/news/nifty-news-weeknd-nft-collection-arm-space-ads-takashi-murakami-joins-revolution,"Nifty News: Weeknd NFT collection, arm space ads, Takashi Murakami joins revolution",neutral,
EN-111,https://www.coindesk.com/business/2025/03/31/circle-hires-jp-morgan-citi-to-go-public-in-late-april-fortune,"USDC Issuer Circle Hires JPMorgan, Citi To Go Public in Late April: Fortune",positive,
EN-112,https://decrypt.co/314356/trump-tariff-chaos-benefit-bitcoin-grayscale,"Trump’s Tariff Chaos Might Actually Be Good for Bitcoin, Says Grayscale",positive,
EN-113,https://decrypt.co/286969/paypal-venmo-buy-crypto-moonpay,PayPal's Venmo Can Now Be Used to Buy Bitcoin and Ethereum via MoonPay,positive,
EN-114,https://cointelegraph.com/news/aussie-asset-manager-to-offer-crypto-etf-using-unique-license-variation,Aussie asset manager to offer crypto ETF using unique license variation,positive,
EN-115,https://www.coindesk.com/business/2020/02/14/coinbase-commerce-integrates-dai-cryptocurrency-for-merchant-payments,Coinbase Commerce Integrates Dai Cryptocurrency for Merchant Payments,positive,
EN-116,https://cointelegraph.com/news/alexandria-ocasio-cortez-says-us-lawmakers-shouldn-t-hold-crypto-to-remain-impartial,Alexandria Ocasio-Cortez says US lawmakers shouldn't hold crypto to 'remain impartial',neutral,
EN-117,https://cointelegraph.com/news/price-analysis-1-27-spx-dxy-btc-eth-xrp-sol-bnb-doge-ada-link,"Price analysis 1/27: SPX, DXY, BTC, ETH, XRP, SOL, BNB, DOGE, ADA, LINK",neutral,
EN-118,https://www.coindesk.com/markets/2021/05/11/doge-imitators-help-send-ethereum-transaction-fees-to-all-time-highs,DOGE Imitators Help Send Ethereum Transaction Fees to All-Time Highs,negative,
EN-119,https://cointelegraph.com/news/immunefi-says-it-has-facilitated-66m-in-bug-bounty-payouts-to-whitehats-since-inception,Immunefi says it has facilitated $66M in bug bounties since inception,positive,
EN-120,https://cointelegraph.com/news/bitcoin-price-stays-24k-as-pce-data-helps-us-dollar-near-7-week-highs,Bitcoin price stays under $24K as PCE data helps US dollar to near 7-week highs,negative,
EN-121,https://www.coindesk.com/markets/2022/12/12/crypto-markets-today-binance-a-target-of-federal-probe,Crypto Markets Today: Binance a Target of Federal Probe,negative,
EN-122,https://cointelegraph.com/news/dogecoin-follows-classical-charting-principle-which-hints-at-1-000-doge-rally,"Dogecoin follows ‘classical charting principle’ which hints at 1,000%+ DOGE rally",positive,
EN-123,https://cointelegraph.com/news/hoskinson-counters-buterin-pro-crypto-voting,Charles Hoskinson rejects Vitalik Buterin’s view on pro-crypto voting,neutral,
EN-124,https://cointelegraph.com/news/storm-trade-co-founder-we-aim-to-bring-financial-freedom-to-telegram-users-ama-recap,Storm Trade co-founder: ‘We aim to bring financial freedom to Telegram users’ — AMA recap,neutral,
EN-125,https://blockworks.co/news/stop-tokenizing-everything,Stop tokenizing everything,negative,
EN-126,https://decrypt.co/145779/bitcoin-miner-cleanspark-claims-two-georgia-facilities-for-9-3-million,Bitcoin Miner CleanSpark Claims Two Georgia Facilities For $9.3 Million,positive,
EN-127,https://www.coindesk.com/markets/2021/05/11/ecbs-panetta-claims-bitcoin-threatens-global-sustainability-efforts,ECB's Panetta Claims Bitcoin Threatens Global Sustainability Efforts,negative,
EN-128,https://cryptopanic.com/news/5237276/Samsung-Mulling-Developing-Blockchain-Network-Could-Launch-Samsung-Coinhttps://cryptopanic.com/news/5227751/Ethereum-Powered-Blockchain-and-Own-Coin-Release-Planned-by-Samsung,"Samsung Developing Ethereum-Based Blockchain, May Issue Own TokenSamsung Developing Ethereum-Based Blockchain, May Issue Own Token",positive,
EN-129,https://cryptonews.com/news/xrp-price-pumps-16-eyes-test-of-yearly-highs-near-1-0-as-crypto-community-discusses-potential-99-9-victory-for-ripple-versus-sec/,"XRP Price Pumps 16%, Eyes Test of Yearly Highs Near $1.0 as Crypto Community Discusses Potential 99.9% Victory for Ripple Versus SEC",positive,
EN-130,https://cryptopanic.com/news/4628199/Bitcoin-Ether-and-XRP-Weekly-Market-Update-February-21-2019,"Bitcoin, Ether, and XRP Weekly Market Update: February 21, 2019",neutral,
EN-131,https://cryptopanic.com/news/3320172/SpankChain,Spankchain announced the successful return of the stolen cryptocurrency,positive,
EN-132,https://cointelegraph.com/news/btc-price-66k-blackrock-us-banks-bitcoin-etf,BTC price bounces at $66K as BlackRock adds US banks to Bitcoin ETF,positive,
EN-133,https://cryptopanic.com/news/8050742/Invest-1-In-Bitcoin-As-Warren-Buffett-Is-Wrong-Says-Virgin-Galactic-Chairman-Chamath-Palihapitiya,"Invest 1% In Bitcoin As Warren Buffett Is Wrong, Says Virgin Galactic Chairman Chamath Palihapitiya",positive,
EN-134,https://www.coindesk.com/markets/2021/04/14/blockchain-startups-from-singapore-based-tribe-accelerator-raise-70m,Blockchain Startups From Singapore-Based Tribe Accelerator Raise $70M,positive,
EN-135,https://cryptonews.com/news/kenya-appoints-marathon-digital-as-consultant-for-cryptocurrency-regime-and-mining-energy-needs/,Kenya Appoints Marathon Digital as Consultant for Cryptocurrency Regime and Mining Energy Needs,positive,
EN-136,https://decrypt.co/244980/vitalik-buterin-animal-meme-coin-donation,"Ethereum Creator Vitalik Buterin Donates $500,000 from ‘Animal Coins’ to Charity",positive,
EN-137,https://www.coindesk.com/consensus-magazine/2024/03/08/robert-alice-made-nft-history-now-hes-writing-about-it,"Robert Alice Made NFT History, Now He’s Writing About It",neutral,
EN-138,https://cointelegraph.com/news/bitcoin-hits-new-9-month-highs-above-28k-as-markets-flipflop-over-fomc,Bitcoin hits new 9-month highs above $28K as markets flipflop over FOMC,positive,
EN-139,https://cryptonews.com/news/bitcoin-smashes-through-97000-as-trump-team-signals-at-firs-ever-white-house-crypto-role/,"Bitcoin Smashes Through $97,000 As Trump Team Signals At First-Ever White House Crypto Role",positive,
EN-140,https://cryptonews.com/news/gaming-giant-wemades-controversy-hit-token-relisted-in-south-korea/,Gaming Giant WeMade’s ‘Controversy-hit’ Token ‘Relisted’ in South Korea,neutral,
EN-141,https://cryptopanic.com/news/7760702/BTC-BCH-DASH-BSV-Price-Prediction-Expecting-a-Bullish-Revival,"BTC, BCH, DASH, BSV Price Prediction - Expecting a Bullish Revival?",positive,
EN-142,https://cryptopanic.com/news/3734784/Bitcoin-SV,The Bitcoin SV network was attacked by reorganization,negative,
EN-143,https://cointelegraph.com/news/single-inactive-volcano-has-90-chance-of-powering-el-salvador-s-bitcoin-city-according-to-president,"Single inactive volcano has 90% chance of powering El Salvador's Bitcoin City, according to president",positive,
EN-144,https://www.coindesk.com/tech/2023/07/11/cross-chain-protocol-axelar-to-develop-web3-services-with-microsoft-azure,Cross-Chain Protocol Axelar to Develop Web3 Services With Microsoft Azure,positive,
EN-145,https://www.coindesk.com/policy/2023/10/17/bahamian-prime-minister-asked-sam-bankman-fried-to-give-his-son-advice-on-nft-project,Bahamian Prime Minister Asked Sam Bankman-Fried to Give His Son Advice on NFT Project,neutral,
EN-146,https://cointelegraph.com/news/coinbase-presses-sec-change-rule-banning-staff-holding-crypto,Coinbase presses to axe rule banning SEC staff from holding crypto,neutral,
EN-147,https://www.coindesk.com/policy/2024/03/29/binance-executives-file-suit-against-nigeria-local-media,Binance Executives File Suit Against Nigeria: Local Media,negative,
EN-148,https://cryptopanic.com/news/8927030/Samsung-Gemini,Samsung will add to its wallet support for Bitcoin-Birzhi Gemini Bitcoin,positive,
EN-149,https://www.coindesk.com/markets/2022/04/12/us-inflation-jumps-to-fresh-4-decade-high-of-85-in-march,US Inflation Jumps to Fresh 4-Decade High of 8.5% in March,neutral,
EN-150,https://cryptonews.com/news/dogecoin-price-outlook-open-interest-drops-by-458m-is-doges-bullish-momentum-over/,Dogecoin Price Outlook: Open Interest Drops by $458M – Is DOGE’s Bullish Momentum Over?,negative,
EN-151,https://www.coindesk.com/tech/2021/11/17/oasis-launches-160m-ecosystem-fund-with-backing-from-jump-capital-and-others,Oasis Launches $160M Ecosystem Fund With Backing From Jump Capital and Others,positive,
EN-152,https://www.coindesk.com/markets/2019/05/29/telegram-based-crypto-wallet-app-now-allows-fiat-purchases,Telegram-Based Crypto Wallet App Now Allows Fiat Purchases,positive,
EN-153,https://cryptopanic.com/news/9407292/As-other-inflation-hedges-enjoy-moment-in-the-sun-bitcoin-stays-stuck-in-the-doldrums,"As other inflation hedges enjoy moment in the sun, bitcoin stays stuck in the doldrums",negative,
EN-154,https://cryptopanic.com/news/8268671/5-juegos-para-ganar-bitcoin-en-tiempos-de-cuarentena-por-coronavirus,5 juegos para ganar bitcoin en tiempos de cuarentena por coronavirus,neutral,
EN-155,https://www.coindesk.com/markets/2021/02/12/fetchai-to-develop-decentralized-marketplace-for-global-manufacturer-festo,Fetch.ai to Develop Decentralized Marketplace for Global Manufacturer FESTO,positive,
EN-156,https://decrypt.co/292593/flare-co-founder-decentralized-data-will-power-future-value-of-crypto-industry,Flare Co-Founder: Decentralized Data Will Power ‘Future Value’ of Crypto Industry,positive,
EN-157,https://blockworks.co/news/crypto-etps-saw-abysmal-returns-in-june,Crypto ETPs Saw ‘Abysmal’ Returns in June,negative,
EN-158,https://cryptopanic.com/news/4028212/Venezuela-Isnt-the-Crypto-Use-Case-You-Want-It-to-Be,Venezuela Isn’t the Crypto Use Case You Want It to Be,negative,
EN-159,https://www.coindesk.com/markets/2024/09/23/first-mover-americas-btc-eth-rise-in-muted-trading-to-start-the-week,"First Mover Americas: BTC, ETH Rise in Muted Trading to Start the Week",positive,
EN-160,https://cryptonews.com/news/hong-kongs-crypto-hub-ambitions-may-not-last-warns-chinese-crypto-pioneer/,Hong Kong’s Crypto Hub Ambitions May Not Last Warns Chinese Crypto Pioneer,negative,
EN-161,https://blockworks.co/news/new-layer-1s-not-sustainable,Another New Layer-1? Starting All Over Again ‘Isn’t Sustainable’,negative,
EN-162,https://cryptopanic.com/news/7782749/John-McAfee-Slams-Bitcoin-BTC-Hard-Community-Taken-Aback,"John McAfee Slams Bitcoin (BTC) Hard, Community Taken Aback",negative,
EN-163,https://cryptopanic.com/news/7308417/Tron-TRX-Comes-First-After-Bitcoin-in-Recent-Crypto-Twitter-Discussions-Report,Tron (TRX) Comes First After Bitcoin in Recent Crypto Twitter Discussions: Report,positive,
EN-164,https://cryptonews.com/news/uwu-lend-protocol-hacked-for-nearly-20-million-in-ongoing-cryptocurrency-exploit/,UwU Lend Protocol Hacked for Nearly $20 Million in Ongoing Cryptocurrency Exploit,negative,
EN-165,https://cryptopanic.com/news/9280595/Active-Ethereum-users-double-in-Q2-2020-report,Active Ethereum users double in Q2 2020: report,positive,
EN-166,https://www.coindesk.com/opinion/2023/08/02/has-the-bear-market-called-cryptos-bluff,Has the Bear Market Called Crypto's Bluff?,negative,
EN-167,https://cryptopanic.com/news/12864175/Custo-de-mineracao-do-Bitcoin-ao-redor-do-mundo,Bitcoin mining cost around the world,neutral,
EN-168,https://blockworks.co/news/sec-postpones-decision-on-valkyrie-bitcoin-etf-to-august,SEC Postpones Decision on Valkyrie Bitcoin ETF to August,negative,
EN-169,https://cryptopanic.com/news/9484125/Who-are-Ethereums-co-founders-and-where-are-they-now,Who are Ethereum’s co-founders and where are they now?,neutral,
EN-170,https://cryptopanic.com/news/7187403/Bitcoin-ATMs-catch-the-attention-of-the-IRS,Bitcoin ATMs catch the attention of the IRS,negative,
EN-171,https://decrypt.co/120652/binance-launches-tax-tool-crypto-traders-france-canada,Binance Launches Tax Tool for Crypto Traders in France and Canada,positive,
EN-172,https://cointelegraph.com/news/fixed-float-confirms-26m-exploit-bitcoin-ether,"FixedFloat confirms $26M exploit in Bitcoin, Ether",negative,
EN-173,https://cointelegraph.com/news/bitwise-launches-aptos-etp,Bitwise launches first Aptos staking ETP,positive,
EN-174,https://cointelegraph.com/news/final-russian-nuclear-scientist-jailed-for-mining-bitcoin-at-work,Final Russian Nuclear Scientist Jailed For Mining Bitcoin At Work,negative,
EN-175,https://www.coindesk.com/business/2023/03/28/cftc-could-force-binance-to-cease-us-operations-as-part-of-settlement-bernstein,CFTC Could Force Binance to Cease U.S. Operations as Part of Settlement: Bernstein,negative,
EN-176,https://cointelegraph.com/news/fundamentally-smart-contracts-operate,We need to fundamentally change how smart contracts operate,neutral,
EN-177,https://www.coindesk.com/opinion/2025/01/22/the-taxman-is-watching-staying-ahead-of-the-new-rules,The Taxman Is Watching: Staying Ahead of the New Rules,neutral,
EN-178,https://decrypt.co/79754/billionaire-investor-john-paulson-says-cryptocurrencies-will-eventually-prove-be-worthless,Billionaire Investor John Paulson Says Cryptocurrencies Will 'Eventually Prove to Be Worthless',negative,
EN-179,https://cointelegraph.com/news/price-analysis-7-22-btc-eth-bnb-xrp-ada-sol-doge-dot-matic-avax,"Price analysis 7/22: BTC, ETH, BNB, XRP, ADA, SOL, DOGE, DOT, MATIC, AVAX",neutral,
EN-180,https://blockworks.co/news/self-custody-wallets-need-identities,Democratic Rep Says Self-Custody Wallets Should Have Federal Digital Identities,negative,
EN-181,https://cointelegraph.com/news/eigenlayer-eigen-token-unlock-looms-futures,"EigenLayer’s EIGEN token unlock looms, futures tip a $6.8B FDV",negative,
EN-182,https://cryptopanic.com/news/10489236/Cette-crypto-banque-pretait-du-Bitcoin-elle-fait-faillite-et-tout-nest-pas-tres-clair,"This cryptocurrency lent bitcoin ... It goes bankrupt, and everything is not very clear",negative,
EN-183,https://www.coindesk.com/policy/2023/09/15/doj-slams-sam-bankman-frieds-intrusive-proposed-jury-questions,DOJ Slams Sam Bankman-Fried’s ‘Intrusive’ Proposed Jury Questions,neutral,
EN-184,https://cryptopanic.com/news/3016327/Lightning-Casa,The release of Lightning Nodes from the CASA project took place,positive,
EN-185,https://cointelegraph.com/news/wyckoff-pattern-85k-btc-price-close-week-71-3k,"Bitcoin Wyckoff pattern eyes $85K, but BTC price must close the week above this level first",positive,
EN-186,https://www.coindesk.com/tech/2019/07/16/cuba-libra-island-nation-slowly-explores-cryptocurrency-options,Cuba Libra? Island Nation Slowly Explores Cryptocurrency Options,neutral,
EN-187,https://cointelegraph.com/news/bearish-signals-grow-as-bitcoin-price-drops-to-35k-and-traders-ignore-the-dip,Bearish signals grow as Bitcoin price drops to $35K and traders ignore the dip,negative,
EN-188,https://www.coindesk.com/tech/2023/03/02/shanghai-capella-shapella-how-ethereum-devs-now-refer-to-upcoming-upgrade,Shanghai + Capella = 'Shapella': How Ethereum Devs Now Refer to Upcoming Upgrade,neutral,
EN-189,https://www.coindesk.com/markets/2019/08/12/crypto-code-commits-remain-near-all-time-highs-despite-price-declines,"Crypto Code Commits Remain Near All-Time Highs, Despite Price Declines",positive,
EN-190,https://cointelegraph.com/press-releases/vitalik-brian-armstrong-yat-siu-and-160-speakers-join-taipei-blockchain-week-2023,"Vitalik, Brian Armstrong, Yat Siu, and 160+ speakers join Taipei Blockchain Week 2023",neutral,
EN-191,https://decrypt.co/65937/winklevoss-virtual-real-estate-nft-metaverse-the-sandbox,Winklevoss Twins Nab Virtual Real Estate in 'NFT Metaverse' The Sandbox,positive,
EN-192,https://cryptopanic.com/news/4862384/EOS-20,"EOS co -founder: after 20 years, bitcoin will displace gold",positive,
EN-193,https://cryptopanic.com/news/7704743/XRP-Liquidity-Index-on-Bitso-Hits-Another-ATH-Will-MoneyGram-Set-Corridor-to-UAE,XRP Liquidity Index on Bitso Hits Another ATH ? Will MoneyGram Set Corridor to UAE?,positive,
EN-194,https://www.coindesk.com/tech/2024/05/09/protocol-village,"Protocol Village: Cyber, Formerly CyberConnect, Unveils Social-Focused Layer 2 on OP Stack",positive,
EN-195,https://www.coindesk.com/policy/2021/07/30/binance-to-wind-down-derivatives-in-europe-malaysia-orders-closure,Binance to Wind Down Derivatives in Europe; Malaysia Orders Closure,negative,
EN-196,https://www.coindesk.com/tech/2024/05/29/crypto-bridge-layerzero-connects-to-solana-blockchain,Crypto Bridge LayerZero Connects to Solana Blockchain,positive,
EN-197,https://decrypt.co/239373/bitcoin-boom-us-recession-worse-than-projected,"Bitcoin Could Boom If US Recession Worse Than Projected, Says Analyst",positive,
EN-198,https://decrypt.co/69745/vitalik-buterin-now-owns-more-than-1-billion-in-ethereum,Vitalik Buterin Now Owns More Than $1 Billion in Ethereum,positive,
EN-199,https://cointelegraph.com/news/solana-outage-client-diversity-beta,Solana outage raises questions about client diversity and beta status,negative,
EN-200,https://blockworks.co/news/the-sec-is-the-number-one-blocker-says-chamber-of-digital-commerce-founder,"“The [SEC] is the Number One Blocker,” says Chamber of Digital Commerce Founder",negative,
EN-201,https://cointelegraph.com/news/regulatory-clarity-will-drive-the-next-bull-run-hedge-fund-co-founder,Regulatory clarity will drive the next bull run — Hedge fund co-founder,positive,
EN-202,https://blockworks.co/news/layer-2-solution-immutable-closes-60m-series-b-round,Layer-2 Solution Immutable Closes $60M Series B Round,positive,
EN-203,https://cryptopanic.com/news/9273909/Altana-Digital-CIO-Reveals-Biggest-Threats-to-Bitcoin,Altana Digital CIO Reveals Biggest Threats to Bitcoin,negative,
EN-204,https://cryptopanic.com/news/6264666/CME-Group-Gemini,Cme Group will include Gemini quotes in its cryptocurrency indices,positive,
EN-205,https://cointelegraph.com/news/what-is-the-trust-wallet-and-how-do-you-use-it,What is the Trust Wallet and how do you use it?,neutral,
EN-206,https://www.coindesk.com/markets/2022/11/11/post-ftx-what-happens-to-crypto-markets,"Post-FTX, What Happens to Crypto Markets?",neutral,
EN-207,https://cryptopanic.com/news/3889617/BitGive-lanza-su-nueva-plataforma-de-rastreo-de-donaciones-en-bitcoins,Bitgive launches its new donation tracking platform in Bitcoins,positive,
EN-208,https://cryptonews.com/news/vechain-hires-ibm-deloitte-veteran-marketing-director/,VeChain Appoints Former IBM and Deloitte Blockchain Exec as Marketing Director,neutral,
EN-209,https://cointelegraph.com/news/bcsc-liquitrade-illegal-exchange-ruling,Canada to sanction LiquiTrade for Securities Act violation,negative,
EN-210,https://decrypt.co/102635/where-is-terras-market-share-going-ethereum-bnb-chain-and-tron,"Where Is Terra's DeFi Market Share Going? Ethereum, BNB Chain, and Tron",negative,
EN-211,https://cointelegraph.com/press-releases/plena-crypto-super-app-with-1m-users-launches-plena-token,Plena crypto super app with 1M+ users launches PLENA token,positive,
EN-212,https://www.coindesk.com/policy/2020/07/23/us-house-passes-two-blockchain-amendments-in-annual-defense-budget-bill,US House Passes Two Blockchain Amendments in Annual Defense Budget Bill,positive,
EN-213,https://cryptopanic.com/news/6140722/Dominancia-de-Bitcoin-en-el-mercado-se-acrecienta-con-las-noticias-sobre-Libra,Bitcoin dominance in the market increases with the news about Libra,positive,
EN-214,https://cointelegraph.com/news/binance-labs-backs-200m-oasis-ecosystem-fund,Binance Labs backs $200M Oasis Ecosystem Fund,positive,
EN-215,https://www.coindesk.com/policy/2023/07/20/myanmar-shadow-govt-to-start-neobank-with-crypto-rails-to-fund-fight-against-military-junta,Myanmar Shadow Government to Start Neobank With Crypto Rails to Fund Fight Against Military Junta,positive,
EN-216,https://cryptopanic.com/news/3847315/Wall-Street-Continues-to-Experiment-with-Cryptocurrencies-Despite-Crypto-Crash,Wall Street Continues to Experiment with Cryptocurrencies Despite Crypto Crash,positive,
EN-217,https://cointelegraph.com/news/monero-enters-overbought-danger-zone-after-xmr-price-gains-75-in-two-weeks,Monero enters 'overbought' danger zone after XMR price gains 75% in two weeks,negative,
EN-218,https://www.coindesk.com/opinion/2023/04/26/us-crypto-regulations-end-crypto-winter-opinion,Please Enjoy the Final Crypto Winter,negative,
EN-219,https://cryptopanic.com/news/2190041/Actualizan-el-portal-oficial-de-Bitcoin-Bitcoinorg,"The official Bitcoin, Bitcoin.org portal update",neutral,
EN-220,https://blockworks.co/news/mechanism-capital-launches-100m-fund-focused-on-p2e-gaming,Mechanism Capital Launches $100M Fund Focused on P2E Gaming,positive,
EN-221,https://www.coindesk.com/business/2023/05/25/bitcoins-hot-ordinals-economy-is-getting-a-dollar-backed-stablecoin,Bitcoin's Hot Ordinals Economy is Getting a Dollar-Backed Stablecoin,positive,
EN-222,https://cointelegraph.com/news/memx-exchange-files-list-21shares-xrp-etf-commodity-trust,SEC acknowledges Cboe’s request to list 21Shares XRP ETF,positive,
EN-223,https://www.coindesk.com/policy/2021/12/28/rbi-recommends-india-implement-basic-version-of-cbdc,India’s Central Bank Recommends Basic Version of CBDC,neutral,
EN-224,https://cryptopanic.com/news/5490507/Around-The-Block-With-Jeff-And-Dave-Our-First-Podcast,Around The Block With Jeff And Dave – Our First Podcast!,neutral,
EN-225,https://www.coindesk.com/learn/everything-you-need-to-know-about-bitcoin-etfs,Everything You Need to Know About Bitcoin ETFs,neutral,
EN-226,https://www.coindesk.com/markets/2022/01/12/first-mover-asia-crypto-prices-rise-on-better-than-expected-us-inflation-news,First Mover Asia: Crypto Prices Rise on Better-Than-Expected US Inflation News,positive,
EN-227,https://cointelegraph.com/news/lightning-network-releases-emergency-update-after-critical-bug-on-lnd-nodes,Lightning Network releases emergency update after critical bug on LND nodes,negative,
EN-228,https://cointelegraph.com/press-releases/leverj-token-sale-ends-on-december-7th-for-first-decentralized-cryptocurrency-derivatives-trading-platform,Leverj Token Sale Ends on December 7th for First Decentralized Cryptocurrency Derivatives Trading Platform,neutral,
EN-229,https://www.coindesk.com/policy/2022/05/11/germany-publishes-first-nationwide-tax-guide-for-crypto,Germany Publishes First Nationwide Tax Guide for Crypto,neutral,
EN-230,https://cryptopanic.com/news/8878934/Bitcoin-boosted-by-surging-interest-in-CBDCs-says-Grayscale,"Bitcoin boosted by surging interest in CBDCs, says Grayscale",positive,
EN-231,https://www.coindesk.com/opinion/2024/03/28/is-this-the-end-of-bitcoins-4-year-bullbear-market-cycle,Is This the End of Bitcoin's 4-Year Bull/Bear Market Cycle?,neutral,
EN-232,https://blockworks.co/news/tyler-winklevoss-dont-wait-on-government-to-fix-inflation,Tyler Winklevoss: Don’t Wait On Government to Fix Inflation,neutral,
EN-233,https://cointelegraph.com/news/alternative-yield-strategies-gain-traction-btcfi-and-liquid-restaking-protocols-rising-influence-in-defi,Alternative yield strategies gain traction: BTCfi and liquid restaking protocols' rising influence in DeFi,positive,
EN-234,https://www.coindesk.com/markets/2020/06/10/radical-indifference-how-surveillance-capitalism-conquered-our-lives,'Radical Indifference': How Surveillance Capitalism Conquered Our Lives,neutral,
EN-235,https://cryptonews.com/news/btc-holds-steady-near-110k-as-traders-brace-for-bitcoin-conference-headlines-qcp/,BTC Holds Steady Near $110K as Traders Brace for Bitcoin Conference Headlines: QCP,neutral,
EN-236,https://www.coindesk.com/business/2022/11/09/binance-is-strongly-leaning-toward-scrapping-ftx-rescue-takeover-after-first-glance-at-books-source,Binance Is Strongly Leaning Toward Scrapping FTX Rescue Takeover After First Glance at Books: Source,negative,
EN-237,https://decrypt.co/303783/coinbase-eyes-solana-futures-launch-as-it-ramps-up-derivatives-push,Coinbase Eyes Solana Futures Launch as It Ramps Up Derivatives Push,positive,
EN-238,https://decrypt.co/146566/ftx-sues-ex-compliance-chief-for-hush-money-payments,FTX Sues Ex-Compliance Chief Over 'Hush Money' Payments,negative,
EN-239,https://www.coindesk.com/business/2022/02/28/amc-theatres-will-accept-doge-and-shiba-inu-via-bitpay,AMC Theatres Will Accept DOGE and Shiba Inu via BitPay,positive,
EN-240,https://cryptopanic.com/news/509459/Bitcoin-Too-Volatile-for-Goldman-Sachs-Says-CEO,"Bitcoin Too Volatile for Goldman Sachs, Says CEO",negative,
EN-241,https://cryptonews.com/news/bank-of-americas-hartnett-claims-crypto-and-stock-markets-are-overvalued-after-strong-rallies/,Bank of America Strategist Claims Crypto and Stock Markets are Overvalued,negative,
EN-242,https://cointelegraph.com/news/top-5-cryptocurrencies-to-watch-in-2022-btc-eth-bnb-avax-matic,"Top 5 cryptocurrencies to watch in 2022: BTC, ETH, BNB, AVAX, MATIC",neutral,
EN-243,https://cointelegraph.com/news/ethw-core-to-push-on-with-ethereum-pow-fork-24-hours-after-merge,ETHW Core to push on with Ethereum PoW fork 24 hours after Merge,neutral,
EN-244,https://cryptopanic.com/news/2244765/rawtx-Lightning-iOS-,The startup RAWTX has released a Lightning wallet for iOS devices,positive,
EN-245,https://decrypt.co/219113/bitcoin-ordinals-runestone-airdrop-leonidas-casey-rodarmor-runes,Bitcoin Ordinals Wallets Will Soon Be Showered With Runestones—Here’s What You Need to Know,positive,
EN-246,https://cryptonews.com/news/siberian-power-firm-aims-to-prosecute-400-illegal-crypto-miners/,Siberian Power Firm Aims to Prosecute 400 ‘Illegal’ Crypto Miners,negative,
EN-247,https://decrypt.co/69093/koreas-bitcoin-premium-returns-after-falling-to-zero,Korea’s Bitcoin Premium Returns After Falling to Zero,positive,
EN-248,https://www.coindesk.com/business/2022/03/02/evmos-looks-to-jumpstart-ethereumcosmos-interoperability-with-airdrop-mainnet-launch,"Evmos Looks to Jump-Start Ethereum–Cosmos Interoperability With Airdrop, Mainnet Launch",positive,
EN-249,https://cryptonews.com/news/whales-on-the-move-pepe-price-drops-4-amid-700m-volume/,Whales on the Move? PEPE Price Drops 4% Amid $700M Volume,negative,
EN-250,https://cointelegraph.com/news/21shares-ether-etf-waive-fees,21Shares Ether ETF to waive fees for up to 6 months,positive,
EN-251,https://cryptonews.com/news/us-govt-files-forfeiture-action-against-scam-linked-tether-held-in-binance/,US Govt. Files Forfeiture Action Against Scam-Linked Tether Held in Binance,negative,
EN-252,https://decrypt.co/92482/bitcoin-payments-firm-opennode-closes-20m-series-a,Bitcoin Payments Firm OpenNode Closes $20M Series A,positive,
EN-253,https://www.coindesk.com/markets/2020/05/18/18-months-in-few-people-use-mine-or-buy-privacy-coin-grin,"18 Months In, Few People Use, Mine or Buy Privacy Coin Grin",negative,
EN-254,https://cointelegraph.com/news/uk-fca-buys-another-9-months-to-review-crypto-companies-registrations,UK FCA buys another 9 months to review crypto companies’ registrations,neutral,
EN-255,https://cointelegraph.com/news/lazarus-group-consolidates-bybit-phemex-hacker-wallet,Lazarus Group consolidates Bybit funds into Phemex hacker wallet,negative,
EN-256,https://blockworks.co/news/fireblocks-crypto-counterparty-risk,Fireblocks debuts latest tool to combat crypto counterparty risk,positive,
EN-257,https://cointelegraph.com/press-releases/selfsell-global-roadshow-2018,SelfSell Global Roadshow 2018,neutral,
EN-258,https://cointelegraph.com/press-releases/tokenizenyc-by-wormhole-and-securitize-unites-leaders-to-chart-future-of-digital-asset-tokenization,Tokenize.NYC by Wormhole and Securitize unites leaders to chart future of digital asset tokenization,neutral,
EN-259,https://www.coindesk.com/policy/2020/08/14/a-wechat-ban-should-be-the-moment-for-decentralized-tech-but-its-not,A WeChat Ban Should Be the Moment for Decentralized Tech. But It’s Not.,negative,
EN-260,https://cointelegraph.com/news/metaplanet-secures-billion-yen-loan-to-buy-more-bitcoin,Metaplanet secures 1B yen loan to buy more Bitcoin,positive,
EN-261,https://cointelegraph.com/news/nifty-news-jack-dorsey-sells-genesis-tweet-for-2-9m-nfts-save-wild-pandas-and-more,"Nifty News: Jack Dorsey sells genesis tweet for $2.9M, NFTs save wild pandas and more",neutral,
EN-262,https://cointelegraph.com/news/more-than-4-7m-stolen-in-uniswap-fake-token-phishing-attack,More than $4.7M stolen in Uniswap fake token phishing attack,negative,
EN-263,https://blockworks.co/news/dydx-chain-liquid-staking,Liquid staking is now live on dYdX chain,positive,
EN-264,https://decrypt.co/73385/dogecoin-price-coinbase-listing-bitcoin-holds-steady,"Dogecoin Price Down 20% Since Coinbase Listing, Bitcoin Holds Steady",negative,
EN-265,https://www.coindesk.com/markets/2023/05/09/bitcoin-moves-sideways-at-275k-as-investors-await-cpi-inflation-reading,Bitcoin Moves Sideways at $27.5K as Investors Await CPI Inflation Reading,neutral,
EN-266,https://cointelegraph.com/press-releases/the-rare-antiquities-token-rewards-fractional-nfts-to-holders-hits-600,The Rare Antiquities Token rewards fractional NFTs to holders hits 600%,positive,
EN-267,https://www.coindesk.com/policy/2023/04/17/sec-warned-bittrex-of-legal-action-before-firm-announced-us-exit-wsj,SEC Warned Bittrex of Legal Action Before Firm Announced U.S. Exit: WSJ,negative,
EN-268,https://www.coindesk.com/markets/2021/04/20/market-wrap-bitcoin-flat-at-567k-ether-rises-and-it-wasnt-dogedays-afternoon,"Market Wrap: Bitcoin Flat at $56.7K, Ether Rises and It Wasn't Dogeday's Afternoon",neutral,
EN-269,https://www.coindesk.com/markets/2020/08/27/prosecutors-detail-shadow-bank-accounts-in-fowler-crypto-case,Prosecutors Detail 'Shadow Bank' Accounts in Fowler Crypto Case,negative,
EN-270,https://cryptopanic.com/news/6102545/Bitcoin-peer-to-peer-trading-is-on-the-rise-says-new-report,Bitcoin peer-to-peer trading is on the rise says new report,positive,
EN-271,https://www.coindesk.com/policy/2024/04/08/crypto-trader-eisenbergs-110m-fraud-trial-to-put-defi-under-microscope,Crypto Trader Eisenberg's $110M Fraud Trial to Put DeFi Under Microscope,negative,
EN-272,https://www.coindesk.com/markets/2020/12/03/kraken-exchange-to-offer-first-grants-for-open-source-ethereum-projects,Kraken Exchange to Offer First Grants for Open-Source Ethereum Projects,positive,
EN-273,https://cryptopanic.com/news/5510405/Forbes-Upcoming-Bitcoin-Halving-May-Get-Btc-Price-Back-to-2017-Highs,Forbes: Upcoming Bitcoin Halving May Get Btc Price Back to 2017 Highs,positive,
EN-274,https://cointelegraph.com/news/bitcoin-so-bullish-at-23k-as-analyst-reveals-new-btc-price-metrics,Bitcoin ‘so bullish’ at $23K as analyst reveals new BTC price metrics,positive,
EN-275,https://cointelegraph.com/news/apple-seeks-to-hire-alternative-payments-manager-with-crypto-experience,Apple seeks to hire 'alternative payments' manager with crypto experience,positive,
EN-276,https://www.coindesk.com/policy/2021/12/08/cftc-commissioner-says-us-regulators-should-issue-clear-guidance-before-punishing-crypto-firms-report,CFTC Commissioner Says US Regulators Should Issue Clear Guidance Before Punishing Crypto Firms: Report,positive,
EN-277,https://cryptonews.com/news/crypto-regulation-news-weekly-digest-major-nations-commit-to-crypto-tax-reporting-standard-and-eu-issues-draft-stablecoin-guidelines/,Crypto Regulation News Weekly Digest: Major Nations Commit to Crypto Tax Reporting Standard and EU Issues Draft Stablecoin Guidelines,neutral,
EN-278,https://cointelegraph.com/news/bitcoin-fomc-reaction-btc-price-new-76-5-k-record,Bitcoin preps FOMC reaction as BTC price coils below new $76.5K record,positive,
EN-279,https://cointelegraph.com/news/imf-pressures-el-salvador-overhaul-bitcoin-regulations,IMF pressures El Salvador to overhaul Bitcoin regulations,negative,
EN-280,https://cryptopanic.com/news/6736264/CFTC-acuso-a-un-ciudadano-por-presunta-estafa-millonaria-con-bitcoin,CFTC accused a citizen for alleged millionaire scam with Bitcoin,negative,
EN-281,https://cryptopanic.com/news/1976994/MEWKit-New-Malware-Drains-Ethereum-Wallets-Automatically,MEWKit: New Malware Drains Ethereum Wallets Automatically,negative,
EN-282,https://cryptopanic.com/news/9126458/BitMEX-parent-and-OKCoin-grant-150000-to-Bitcoin-core-developer-Amiti-Uttarwar,"BitMEX parent and OKCoin grant $150,000 to Bitcoin core developer Amiti Uttarwar",positive,
EN-283,https://cointelegraph.com/news/blockchain-association-throws-support-behind-ripple-in-sec-duel,Blockchain Association throws support behind Ripple in SEC duel,positive,
EN-284,https://blockworks.co/news/celsius-sending-crypto-exchange,Celsius crypto fire sale is starting: $63M out of $160M sent to exchange,negative,
EN-285,https://cryptopanic.com/news/4978687/Bitcoin-und-Altcoins-steigen-weiter-im-Kurs,Bitcoin and old coins continue to rise in the course,positive,
EN-286,https://cointelegraph.com/news/nifty-news-marketplace-exploit-on-smol-brains-nft-for-trees-and-metaverse-movies,"Nifty News: Marketplace exploit on Smol Brains, NFT for trees and metaverse movies",negative,
EN-287,https://www.coindesk.com/markets/2022/10/28/dogecoin-cardano-weigh-on-crypto-majors-after-us-tech-stocks-plunge,Cardano Weighs on Crypto Majors After US Tech Stocks Plunge,negative,
EN-288,https://cointelegraph.com/news/bitcoin-mining-difficulty-dip-since-2022-btc-price-60k,Bitcoin mining difficulty risks biggest dip since 2022 as BTC price eyes $60K,neutral,
EN-289,https://cryptopanic.com/news/14745/MGT-Capital-Raises-24-Million-to-Expand-Bitcoin-Mining-Operation,MGT Capital Raises $2.4 Million to Expand Bitcoin Mining Operation,positive,
EN-290,https://cointelegraph.com/news/bitcoin-s-velvet-revolution-the-overthrow-of-crony-capitalism,Bitcoin’s Velvet Revolution: The overthrow of crony capitalism,positive,
EN-291,https://www.coindesk.com/business/2024/11/06/how-trump-could-change-crypto,How Trump Could Change Crypto,neutral,
EN-292,https://www.coindesk.com/learn/what-are-privacy-coins-and-are-they-legal,What Are Privacy Coins and Are They Legal?,neutral,
EN-293,https://www.coindesk.com/business/2022/08/09/bain-capital-leads-12m-round-for-scalable-blockchain-developer-risc-zero,Bain Capital Leads $12M Round for Scalable Blockchain Developer RISC Zero,positive,
EN-294,https://cryptopanic.com/news/6464396/Precios-minimos-de-bitcoin-por-ano-muestran-su-potencial-a-largo-plazo,Minimum Bitcoin prices per year show their long -term potential,positive,
EN-295,https://cointelegraph.com/news/the9-signs-green-bitcoin-mining-deal-with-russian-firm-bitriver,The9 signs green Bitcoin mining deal with Russian firm BitRiver,positive,
EN-296,https://cointelegraph.com/news/top-5-cryptocurrencies-to-watch-this-week-btc-ada-uni-link-chz,"Top 5 cryptocurrencies to watch this week: BTC, ADA, UNI, LINK, CHZ",neutral,
EN-297,https://cointelegraph.com/news/bitcoin-rally-is-just-getting-started-says-mati-greenspan,Bitcoin rally is 'just getting started' says Mati Greenspan,positive,
EN-298,https://www.coindesk.com/business/2023/01/12/crypto-brokerage-blockchaincom-lays-off-28-of-workforce-as-industrys-cruel-winter-continues,Crypto Brokerage Blockchain.com Lays Off 28% of Workforce as Industry's Cruel Winter Continues,negative,
EN-299,https://blockworks.co/news/franklin-templeton-ethereum-etf,Franklin Templeton joins race to launch spot ether ETF,positive,
EN-300,https://www.coindesk.com/tech/2022/12/01/polygon-apis-to-soon-deploy-on-web-3-indexing-service-the-graph,Polygon APIs to Soon Deploy on Web3 Indexing Service The Graph,positive,
EN-301,https://www.coindesk.com/markets/2019/09/10/netherlands-may-block-foreign-crypto-firms-under-anti-money-laundering-laws,Netherlands May Block Foreign Crypto Firms Under Anti-Money Laundering Laws,negative,
EN-302,https://cointelegraph.com/news/this-blockchain-based-social-media-platform-is-going-after-tiktok,This blockchain-based social media platform is going after TikTok,neutral,
EN-303,https://cryptonews.com/news/shiba-inu-price-prediction-trader-says-unusual-setup-could-trigger-this-explosive-move/,Shiba Inu Price Prediction: Trader Says ‘Unusual Setup’ Could Trigger This Explosive Move,positive,
EN-304,https://cryptopanic.com/news/3295310/ViaBTC-30-ICO-Bitcoin-Cash,VIABTC pool attracted $ 30 million during the ICO on the Bitcoin Cash blockchain,positive,
EN-305,https://blockworks.co/news/tesla-keeps-holding-184m-worth-of-digital-assets-on-its-balance-sheet,Tesla keeps holding $184M worth of digital assets on its balance sheet,positive,
EN-306,https://www.coindesk.com/business/2021/12/22/bitcoin-mining-profitability-starts-falling-after-stellar-year-research,Bitcoin Mining Profitability Starts Falling After Stellar Year: Research,negative,
EN-307,https://www.coindesk.com/markets/2019/06/06/bitcoins-2019-price-run-driven-by-real-transaction-growth-analysis-shows,"Bitcoin's 2019 Price Run Driven By Real Transaction Growth, Analysis Shows",positive,
EN-308,https://www.coindesk.com/policy/2022/04/18/frances-crypto-industry-fights-institutional-caution,France's Crypto Industry Fights Institutional Caution,neutral,
EN-309,https://blockworks.co/news/crypto-financial-journalism-issues,"I’m a crypto journalist, just please don’t tell anyone",neutral,
EN-310,https://www.coindesk.com/markets/2022/02/10/bitcoin-miner-cleanspark-surges-on-plan-to-sell-legacy-energy-business,Bitcoin Miner CleanSpark Surges on Plan to Sell Legacy Energy Business,positive,
EN-311,https://www.coindesk.com/markets/2025/04/17/panama-city-greenlights-bitcoin-ether-payments-for-tax-and-city-services,"Panama City Greenlights Bitcoin (BTC), Ether (ETH) Payments for Tax and City Services",positive,
EN-312,https://cointelegraph.com/news/uk-law-commission-dao-legal-reforms,UK Law Commission sees no need for DAO-specific legal entity,neutral,
EN-313,https://cryptopanic.com/news/9180548/Circles-USDC-ends-its-monogamous-relationship-with-Ethereum,Circle's USDC ends its monogamous relationship with Ethereum,positive,
EN-314,https://cointelegraph.com/news/nydig-raises-720m-as-bitcoin-balance-hits-all-time-high,NYDIG raises $720M as Bitcoin balance hits all-time high,positive,
EN-315,https://cointelegraph.com/news/dogecoin-mining-announcement-crashes-streaming-company-s-website,Dogecoin mining announcement crashes streaming company's website,positive,
EN-316,https://cryptopanic.com/news/4734807/Circle-SeedInvest,Circle completed the purchase of the Craudfanding Platform SEEDIDINVEST,positive,
EN-317,https://www.coindesk.com/tech/2025/01/08/the-protocol-hyperliquid-responds-to-decentralization-criticism,The Protocol: Hyperliquid Responds to Decentralization Criticism,neutral,
EN-318,https://cointelegraph.com/news/bitcoin-price-more-correlated-to-ftx-developments-than-macro-events-research,Bitcoin price more correlated to FTX developments than macro events: Research,neutral,
EN-319,https://cryptonews.com/news/qatar-crypto-framework-q4-2024-digital-assets-strategy/,Qatar to Implement Crypto Framework by Year-End 2024,positive,
EN-320,https://cryptopanic.com/news/5157944/Primer-cajero-de-bitcoin-24-horas-en-Argentina-llega-a-Palermo,First 24 -hour Bitcoin ATM in Argentina arrives in Palermo,positive,
EN-321,https://cryptopanic.com/news/3238100/Bitcoin-BTC-Continues-Consolidation-as-Bulls-and-Bears-Battle,Bitcoin [BTC] Continues Consolidation as Bulls and Bears Battle,neutral,
EN-322,https://decrypt.co/83284/binance-delist-chinese-yuan-block-crypto-traders-mainland-china,"Binance to Delist Chinese Yuan, Block Crypto Traders in Mainland China",negative,
EN-323,https://www.coindesk.com/markets/2020/12/27/israelis-must-now-disclose-crypto-holdings-report,Israelis Must Now Disclose Crypto Holdings: Report,neutral,
EN-324,https://www.coindesk.com/markets/2021/04/08/boj-wants-to-set-common-rules-on-cbdcs-with-major-central-banks-report,BOJ Wants to Set ‘Common Rules’ on CBDCs With Major Central Banks: Report,neutral,
EN-325,https://www.coindesk.com/markets/2019/08/05/the-terra-stablecoin-is-partnering-with-a-south-korean-fashion-market,The Terra Stablecoin Is Partnering With a South Korean Fashion Market,positive,
EN-326,https://cryptopanic.com/news/5549488/Operadora-AT038T-passa-a-aceitar-Bitcoin,Operator at & t starts to accept bitcoin,positive,
EN-327,https://blockworks.co/news/bitcoin-nostalgia-2010s-rise-and-rise-daniel-mross,Two cures to treat Bitcoin nostalgia for the 2010s,neutral,
EN-328,https://www.coindesk.com/markets/2020/03/20/tether-stablecoin-launches-on-its-seventh-blockchain,Tether Stablecoin Launches on Its Seventh Blockchain,positive,
EN-329,https://cointelegraph.com/news/price-analysis-5-27-spx-dxy-btc-eth-bnb-sol-xrp-ton-doge-ada,"Price analysis 5/27: SPX, DXY, BTC, ETH, BNB, SOL, XRP, TON, DOGE, ADA",neutral,
EN-330,https://cointelegraph.com/news/crypto-advisory-council-bitcoin-strategic-reserve,Industry execs seek positions on Trump’s crypto advisory council,positive,
EN-331,https://cryptopanic.com/news/8445492/Bitcoin-price-breaks-back-above-7000,"Bitcoin price breaks back above $7,000",positive,
EN-332,https://cryptonews.com/news/exclusive-galxe-ceo-harry-zhang-on-digital-identity-ai-trading-insights-and-the-launch-of-gravity-l1/,"Exclusive: Galxe CEO Harry Zhang on Digital Identity, AI Trading Insights, and the Launch of Gravity L1",neutral,
EN-333,https://www.coindesk.com/markets/2022/09/20/first-mover-asia-where-in-the-world-is-do-kwon-terra-co-founders-absence-highlights-the-complications-of-extradition-cryptos-climb-ahead-of-fomc,First Mover Asia: Where in the World Is Do Kwon? Terra Co-Founder’s Absence Highlights the Complications of Extradition; Cryptos Climb Ahead of FOMC,neutral,
EN-334,https://cointelegraph.com/news/don-t-be-delusional-decentralization-doesn-t-compensate-for-regulation,Don’t be delusional: Decentralization doesn’t compensate for regulation,neutral,
EN-335,https://www.coindesk.com/markets/2021/10/04/fridays-crypto-market-breakout-caused-massive-short-covering-may-be-technically-significant-fsinsight,"Friday’s Crypto-Market Breakout Caused Massive Short Covering, May Be Technically Significant: FSInsight",positive,
EN-336,https://cryptopanic.com/news/1592553/Unocoin,Unocoin: There is no question of any bitcoin in India,negative,
EN-337,https://cryptonews.com/news/adgm-and-chainlink-to-develop-tokenization-and-blockchain-frameworks/,ADGM and Chainlink to Develop Tokenization and Blockchain Frameworks,positive,
EN-338,https://cointelegraph.com/news/terraform-labs-co-founder-on-s-korea-crosshair-following-do-kwon-arrest,Terra co-founder in S.Korean crosshairs following Do Kwon arrest,negative,
EN-339,https://www.coindesk.com/business/2022/01/26/miners-remain-unfazed-by-crypto-sell-off-expect-more-ma,"Miners Remain Unfazed by Crypto Sell-Off, Expect More M&A",neutral,
EN-340,https://www.coindesk.com/business/2022/09/20/a16z-leads-515m-round-for-web3-fraud-protection-startup-sardine,A16z Leads $51.5M Round for Web3 Fraud Protection Startup Sardine,positive,
EN-341,https://www.coindesk.com/business/2021/10/14/binance-appoints-its-first-chief-regulatory-liaison-officer,Binance Appoints Its First Chief Regulatory Liaison Officer,positive,
EN-342,https://decrypt.co/109335/google-cloud-validate-transactions-axie-infinity-ronin-network,Google Cloud to Validate Transactions on Axie Infinity’s Ronin Network,positive,
EN-343,https://cryptonews.com/news/poloniex-hacker-funnels-3-4-million-through-tornado-cash-mixer/,Poloniex Hacker Reportedly Funnels $3.4 Million through Tornado Cash Mixer,negative,
EN-344,https://www.coindesk.com/markets/2021/01/29/robinhood-limits-cryptocurrency-trading-citing-extraordinary-market-conditions,Robinhood Limits Cryptocurrency Trading Citing 'Extraordinary Market Conditions',negative,
EN-345,https://cointelegraph.com/news/bitcoin-bulls-rush-into-long-positions-ahead-of-may-7-fed-fomc-interest-rate-decision,Bitcoin bulls rush into long positions ahead of May 7 Fed FOMC interest rate decision,positive,
EN-346,https://blockworks.co/news/bitcoin-ethereum-5-fall,"BTC and ETH fall close to 5%, leaving analysts scratching their heads",negative,
EN-347,https://www.coindesk.com/markets/2024/12/16/bitcoin-soars-to-record-high-above-106-k-then-retreats-as-hawkish-fed-rate-cut-looms,"Bitcoin (BTC) Price Soars to $106K, Then Retreats as Hawkish Fed Rate Cut Looms",neutral,
EN-348,https://cointelegraph.com/news/alameda-wallets-funnel-over-1-7m-via-crypto-mixers-overnight,Alameda wallets funnel over $1.7M via crypto mixers overnight,negative,
EN-349,https://decrypt.co/118449/shopify-merchants-can-now-sell-avalanche-nfts-through-their-online-stores,Shopify Merchants Can Now Sell Avalanche NFTs Through Their Online Stores,positive,
EN-350,https://cryptopanic.com/news/3079894/R3s-Hearn-and-Brown-Say-Enterprise-Blockchains-Day-of-Reckoning-Is-Here,R3's Hearn and Brown Say Enterprise Blockchain's Day of Reckoning Is Here,negative,
EN-351,https://cryptopanic.com/news/5539010/CEO-eToro,CEO of the Etoro platform predicted the revival of the cryptocurrency market,positive,
EN-352,https://cryptopanic.com/news/1640980/Bitcoin-Day-Celebrations-Show-Argentinas-Love-for-Cryptocurrencies,Bitcoin Day Celebrations Show Argentina’s Love for Cryptocurrencies,positive,
EN-353,https://cointelegraph.com/news/altcoin-roundup-market-cycle-analysis-screamed-take-profit-ahead-of-may-19-sell-off,Altcoin Roundup: Market cycle analysis screamed 'take profit’ ahead of May 19 sell-off,negative,
EN-354,https://decrypt.co/63119/indian-gov-companies-must-disclose-crypto-holdings,Indian Gov: Companies Must Disclose Crypto Holdings,neutral,
EN-355,https://cointelegraph.com/news/what-s-next-for-the-future-of-ethereum-mihailo-bjelic-from-polygon-explains,What’s next for the future of Ethereum? Mihailo Bjelic from Polygon explains,neutral,
EN-356,https://cointelegraph.com/news/gaming-opportunity-crypto-mass-adoption-polygon-sandeep-nailwal,Gaming is the ‘largest scale opportunity’ for crypto — Polygon co-founder,positive,
EN-357,https://cointelegraph.com/news/eth2-devs-put-out-call-to-community-to-help-test-out-the-merge,Eth2 devs call on to community to help test out the merge,positive,
EN-358,https://cryptopanic.com/news/5790788/Este-minero-casero-de-bajo-costo-ahora-puede-minar-bitcoins,This low -cost homemade miner can now undermine Bitcoins,neutral,
EN-359,https://www.coindesk.com/business/2021/05/25/techcrunch-founders-apartment-to-be-sold-as-nft,TechCrunch Founder's Apartment to Be Sold as NFT,neutral,
EN-360,https://decrypt.co/144741/ethereum-cardano-dogecoin-lead-weekly-crypto-losses,"Ethereum, Cardano, and Dogecoin Lead Weekly Crypto Losses",negative,
EN-361,https://cryptopanic.com/news/10010829/Worth-Over-1-Billion-Tokenized-Bitcoins-on-Ethereum-Tops-100000,"Worth Over $1 Billion: Tokenized Bitcoins on Ethereum Tops 100,000",positive,
EN-362,https://cointelegraph.com/news/3-reasons-why-ethereum-market-cap-dominance-is-rising,3 reasons why Ethereum’s market cap dominance is on the rise,positive,
EN-363,https://cointelegraph.com/news/russia-legalizes-bitcoin-cryptocurrency-mining,Russia legalizes Bitcoin and cryptocurrency mining,positive,
EN-364,https://cryptonews.com/news/bitcoin-is-trading-at-91273-increasing-by-0-88-on-tuesday/,"Bitcoin Price Analysis: BTC Holds Near $91,000 as Trump’s Pro-Crypto Policies Spark Investor Optimism",positive,
EN-365,https://cointelegraph.com/news/beware-of-soft-rugs-a-growing-menace-in-decentralized-finance,Beware of ‘soft rugs’ — A growing menace in decentralized finance,negative,
EN-366,https://www.coindesk.com/policy/2023/04/17/ryuk-ransomware-gangs-crypto-broker-gets-light-sentence-after-a-guilty-plea,Ryuk Ransomware Gang’s Crypto Broker Gets Light Sentence After a Guilty Plea,neutral,
EN-367,https://cryptonews.com/news/bitcoin-to-sub-20000-next-heres-what-options-markets-say-about-the-btc-price-outlook/,"Bitcoin to Sub-$20,000 Next? Here’s What Options Markets Say About the BTC Price Outlook",negative,
EN-368,https://cryptopanic.com/news/10353284/Abra,The head of the ABRA application translated half of personal savings to Bitcoin,positive,
EN-369,https://cointelegraph.com/news/these-4-memecoins-can-outperform-bitcoin-this-cycle,These 4 memecoins can outperform Bitcoin this cycle,positive,
EN-370,https://decrypt.co/234333/semler-doubles-down-on-microstrategy-playbook-with-150-million-bitcoin-buy,Semler Doubles Down on MicroStrategy Playbook With $150 Million Bitcoin Buy,positive,
EN-371,https://cryptonews.com/news/ethereum-developers-make-second-attempt-launch-holesky-testnet-after-previous-flop/,Ethereum Developers Make Second Attempt to Launch Holesky Testnet After Previous Flop,neutral,
EN-372,https://blockworks.co/news/solayer-solana-restaking-platform-live,Solayer’s Solana restaking platform is live,positive,
EN-373,https://decrypt.co/285491/argentina-stablecoin-use-booms-inflation,Stablecoin Use Booms in Argentina as Inflation Skyrockets: Report,positive,
EN-374,https://cointelegraph.com/news/terraform-labs-bankruptcy-will-aid-sec-suit-appeal,Terraform Labs says bankruptcy will aid appeal of SEC suit,negative,
EN-375,https://cryptonews.com/news/bitget-executive-reveals-ais-optimization-of-crypto-exchange-operations/,Bitget Executive Reveals AI’s Optimization of Crypto Exchange Operations,positive,
EN-376,https://decrypt.co/250824/federal-judges-skewer-sec-bitcoin-ethereum,"Federal Judges Skewer SEC for Refusing to Answer Straight Questions on Bitcoin, Ethereum",positive,
EN-377,https://www.coindesk.com/markets/2019/12/24/looking-backward-to-build-the-future-how-academia-is-shifting-its-blockchain-focus,Looking Backward to Build the Future: How Academia Is Shifting Its Blockchain Focus,neutral,
EN-378,https://cryptopanic.com/news/5703729/Bitcoin-Price-Analysis-BTC-Finally-Breaks-Up-2019-New-High-Soon,"Bitcoin Price Analysis: BTC Finally Breaks Up, 2019 New High Soon?",positive,
EN-379,https://cryptopanic.com/news/4502609/BNB-Becomes-a-Top-10-Cryptocurrency-Binance-Lists-10-Ways-Its-Ecosystem-Drives-the-Coin,"BNB Becomes a Top 10 Cryptocurrency, Binance Lists 10 Ways Its Ecosystem Drives the Coin",positive,
EN-380,https://www.coindesk.com/markets/2023/01/09/jefferies-initiates-coverage-of-crypto-exchange-coinbase-with-hold-rating,Jefferies Initiates Coverage of Crypto Exchange Coinbase With ‘Hold’ Rating on Near-Term Concerns,neutral,
EN-381,https://www.coindesk.com/tech/2020/04/23/bitcoin-messenger-explores-censorship-resistance-during-coronavirus-crisis,Bitcoin Messenger Explores Censorship Resistance During Coronavirus Crisis,neutral,
EN-382,https://cointelegraph.com/news/abstract-l2-wallet-drain-cardex-security-issue,"Ethereum L2 Abstract hit by wallet drain, ties to Cardex suspected",negative,
EN-383,https://cryptopanic.com/news/3420218/6800,Bitcoin price: bulls need to overcome $ 6800,neutral,
EN-384,https://blockworks.co/news/can-intel-chip-away-at-the-17b-bitcoin-mining-market-with-new-asic,Can Intel Chip Away at the $17B Bitcoin Mining Market With New ASIC?,neutral,
EN-385,https://www.coindesk.com/tech/2024/04/24/protocol-village,Protocol Village: Chainlink CCIP to Power New 'FIX-Native Blockchain Adapter' With Rapid Addition,positive,
EN-386,https://www.coindesk.com/business/2023/11/02/coinbase-beats-3q-earnings-sales-but-trading-revenue-fell,Coinbase Beats Q3 Earnings Estimates While Trading Volume Falls,positive,
EN-387,https://cointelegraph.com/news/quantum-computing-bitcoin-lost-wallet-threat-tether-ceo,Quantum computing will bring lost Bitcoin 'back in circulation’ — Tether CEO,positive,
EN-388,https://cointelegraph.com/news/four-suspected-killing-bitcoiner-stealing-170000-dollars,"4 suspects forced a Bitcoiner to transfer BTC before killing him, police say",negative,
EN-389,https://cointelegraph.com/news/bitcoin-1-trillion-market-cap,Bitcoin breaches $1 trillion market cap,positive,
EN-390,https://www.coindesk.com/web3/2023/06/30/harry-styles-concert-app-takes-fans-in-more-than-one-direction-with-blockchain-rewards,Harry Styles Concert App Takes Fans in More Than One Direction With Blockchain Rewards,positive,
EN-391,https://cryptonews.com/news/ripple-cto-issues-warning-against-xrp-scams-amidst-surge-price/,Ripple CTO Issues Warning Against XRP Scams Amidst Surge in Price,neutral,
EN-392,https://cryptopanic.com/news/10232740/Bank-of-England-Governor-Says-Bitcoin-Makes-Him-Very-Nervous,"Bank of England Governor Says Bitcoin Makes Him ""Very Nervous""",negative,
EN-393,https://decrypt.co/100719/polygon-gaming-platform-freshcut-raises-15m,Polygon-Based Gaming Platform FreshCut Raises $15M,positive,
EN-394,https://cointelegraph.com/press-releases/iost-is-the-first-batch-of-blockchains-to-support-husd-stablecoin,IOST is the first batch of blockchains to support HUSD stablecoin,positive,
EN-395,https://cryptopanic.com/news/6035102/Ripple-XRP-Is-Approaching-the-027-Support-Zone-How-Low-Might-XRP-Slump,Ripple (XRP) Is Approaching the $0.27 Support Zone. How Low Might XRP Slump?,negative,
EN-396,https://blockworks.co/news/optimism-interoperability-layer-superchain,Optimism plans to unify its Superchain with an interoperability layer,positive,
EN-397,https://cointelegraph.com/news/ukrainian-pharmacies-enable-crypto-payments-via-binance-pay,Ukrainian pharmacies enable crypto payments via Binance Pay,positive,
EN-398,https://www.coindesk.com/markets/2024/03/18/reddit-community-token-moon-hits-record-high-ahead-of-celers-multidirectional-bridge-launch,Reddit Community Token MOON Hits Record High Ahead of Celer's Multidirectional Bridge Launch,positive,
EN-399,https://cointelegraph.com/news/time-to-ditch-bitcoin-power-law-theory,It's time to ditch Bitcoin Power Law Theory,negative,
EN-400,https://blockworks.co/news/toroso-investments-proposes-leveraged-inverse-etfs-based-on-blok,"Toroso Investments Proposes Leveraged, Inverse ETFs Based on BLOK",neutral,
