year,source,В корпусе,В выборке,Доля корпуса,Доля выборки
2017,cointelegraph.com,145,1,0.0013,0.0025
2017,cryptopanic.com,908,3,0.0081,0.0075
2018,cointelegraph.com,216,1,0.0019,0.0025
2018,cryptopanic.com,5884,21,0.0523,0.0525
2018,decrypt.co,1,0,0.0,0.0
2019,coindesk.com,2861,10,0.0254,0.025
2019,cointelegraph.com,361,1,0.0032,0.0025
2019,cryptopanic.com,8051,29,0.0716,0.0725
2019,decrypt.co,13,0,0.0001,0.0
2020,blockworks.co,1,0,0.0,0.0
2020,coindesk.com,4940,18,0.0439,0.045
2020,cointelegraph.com,517,2,0.0046,0.005
2020,cryptopanic.com,8259,29,0.0734,0.0725
2020,decrypt.co,24,0,0.0002,0.0
2021,blockworks.co,1168,4,0.0104,0.01
2021,coindesk.com,5955,21,0.0529,0.0525
2021,cointelegraph.com,5840,21,0.0519,0.0525
2021,decrypt.co,2658,9,0.0236,0.0225
2022,blockworks.co,1691,6,0.015,0.015
2022,coindesk.com,6381,23,0.0567,0.0575
2022,cointelegraph.com,6485,23,0.0576,0.0575
2022,decrypt.co,2682,10,0.0238,0.025
2023,blockworks.co,2201,8,0.0196,0.02
2023,coindesk.com,5693,20,0.0506,0.05
2023,cointelegraph.com,3910,14,0.0348,0.035
2023,cryptonews.com,3391,12,0.0301,0.03
2023,decrypt.co,1922,7,0.0171,0.0175
2024,blockworks.co,1760,6,0.0156,0.015
2024,coindesk.com,3997,14,0.0355,0.035
2024,cointelegraph.com,8240,29,0.0732,0.0725
2024,cryptonews.com,3373,12,0.03,0.03
2024,decrypt.co,3107,11,0.0276,0.0275
2025,blockworks.co,535,2,0.0048,0.005
2025,coindesk.com,1642,6,0.0146,0.015
2025,cointelegraph.com,3808,14,0.0338,0.035
2025,cryptonews.com,2366,8,0.021,0.02
2025,decrypt.co,1518,5,0.0135,0.0125
