Источник,Первая метка,Последняя метка,Записей,Пример заголовка
cryptonews.com,2023-06-26 10:53:52+00:00,2023-06-26 10:56:54+00:00,534,How Will Bitcoin Perform in June? Here Is What History Tells Us
cryptonews.com,2023-10-23 09:39:26+00:00,2023-10-23 11:10:44+00:00,372,French Privacy Watchdog Raises Concerns Over Worldcoin’s Data Collection; Collaborating with Germany for Investigation
cryptonews.com,2023-10-23 08:18:17+00:00,2023-10-23 09:14:48+00:00,306,Pro-Bitcoin Candidate Javier Milei Heads to Run-off in Argentina’s Presidential Elections
cryptonews.com,2023-10-23 12:05:49+00:00,2023-10-23 12:29:48+00:00,128,"Best Crypto to Buy Today 20 December – FGHT, IMX, D2T, BSV, CCHG"
cryptonews.com,2023-10-23 11:42:52+00:00,2023-10-23 12:02:38+00:00,123,"While Aptos Price Explodes, These Cryptos Might 10x in 2023"
cryptonews.com,2023-10-23 11:11:50+00:00,2023-10-23 11:32:57+00:00,69,Apple Approves Decentralized Exchange Uniswap iOS Wallet App – Here’s How it Works
cryptonews.com,2023-06-26 10:58:02+00:00,2023-06-26 10:58:52+00:00,53,"After Manhattan Indictment, Trump’s NFT Trading Cards See Sharp Rise in Value – Here’s Why"
cryptonews.com,2023-10-23 09:21:04+00:00,2023-10-23 09:32:27+00:00,53,SpaceX Reports $373 Million Bitcoin Write-Down in Financial Documents
cryptonews.com,2023-10-19 16:02:36+00:00,2023-10-19 16:12:57+00:00,46,"As Shiba Inu Price Explodes, These Hidden Gems Might 10x"
cryptonews.com,2023-10-23 11:33:59+00:00,2023-10-23 11:41:51+00:00,30,"MicroStrategy Claims Minimal Exposure as Crypto.com, Coinbase, and Gemini Pause Transactions with Silvergate Bank – What’s Going On?"
cryptonews.com,2023-10-19 15:29:57+00:00,2023-10-19 15:35:38+00:00,27,Hot New Meme Coin Burn Kenny Goes Viral as Launch Day Approaches – How to Buy Early?
cryptonews.com,2023-10-19 15:39:00+00:00,2023-10-19 15:44:16+00:00,22,Is it Too Late to Buy XRP? XRP Price Rallies 23% in a Month and AI Crypto Signals Platform yPredict Can Help Find the Next Penny Crypto to 100x
cryptonews.com,2023-10-23 09:15:53+00:00,2023-10-23 09:19:50+00:00,21,Can KYC and Permissionless Money Co-exist? Not According to This Crypto Influencer
cryptonews.com,2023-10-23 09:34:03+00:00,2023-10-23 09:38:16+00:00,19,"Google Cloud Partners with Celo Network as Validator, Facilitating Ethereum Layer 2 Migration"
cryptonews.com,2023-10-19 16:16:18+00:00,2023-10-19 16:18:56+00:00,12,"Bitcoin Price Recovers, Ethereum & New Crypto Coins Pump – Trader Predictions"
coindesk.com,2021-12-07 14:08:00+00:00,2021-12-07 14:08:00+00:00,10,Most Influential 2021: All Seeing Seneca
