feature,asset,mean,std,min,max,share_zero
ret_lag1,BTCUSDT,4.2e-05,0.008065,-0.201033,0.16028,0.000371
ret_lag2,BTCUSDT,4.2e-05,0.008064,-0.201033,0.16028,0.000371
ret_lag3,BTCUSDT,4.4e-05,0.008062,-0.201033,0.16028,0.000371
ret_lag4,BTCUSDT,4.4e-05,0.008062,-0.201033,0.16028,0.000371
ret_lag5,BTCUSDT,4.4e-05,0.008061,-0.201033,0.16028,0.000371
ret_lag6,BTCUSDT,4.3e-05,0.008062,-0.201033,0.16028,0.000371
rv_6,BTCUSDT,0.014477,0.013433,0.000339,0.29528,0.0
rv_24,BTCUSDT,0.031568,0.023743,0.002192,0.374049,0.0
volume_change,BTCUSDT,5.4e-05,0.492947,-4.733086,6.720541,0.0
target,BTCUSDT,4.2e-05,0.008066,-0.201033,0.16028,0.000416
en_sent_mean,BTCUSDT,0.009089,0.282567,-0.969115,0.941715,0.52281
en_news_intensity,BTCUSDT,-0.148357,0.554051,-1.392229,3.06984,0.003784
en_neg_share,BTCUSDT,0.106,0.252571,0.0,1.0,0.803805
en_sent_lag1,BTCUSDT,0.009078,0.282616,-0.969115,0.941715,0.522781
en_sent_max6,BTCUSDT,0.28266,0.306591,-0.410667,0.941715,0.324404
en_sent_min6,BTCUSDT,-0.274649,0.336911,-0.969115,0.315365,0.416283
en_sent_std6,BTCUSDT,0.208825,0.181596,0.0,0.836767,0.255113
en_sent_trend3,BTCUSDT,-2e-06,0.227568,-1.402249,1.241235,0.255113
en_news_count,BTCUSDT,1.197352,1.799914,0.0,49.0,0.52281
ru_sent_mean,BTCUSDT,0.005886,0.244345,-0.968972,0.988656,0.627022
ru_news_intensity,BTCUSDT,-0.13074,0.482819,-0.675129,1.597603,0.0
ru_neg_share,BTCUSDT,0.069246,0.224497,0.0,1.0,0.897094
ru_sent_lag1,BTCUSDT,0.005965,0.244389,-0.968972,0.988656,0.626933
ru_sent_max6,BTCUSDT,0.239922,0.302866,-0.313163,0.988656,0.424995
ru_sent_min6,BTCUSDT,-0.227335,0.295837,-0.968972,0.365975,0.447657
ru_sent_std6,BTCUSDT,0.175429,0.167749,0.0,0.78828,0.290315
ru_sent_trend3,BTCUSDT,-4e-05,0.198627,-1.081846,1.294539,0.290315
ru_news_count,BTCUSDT,0.615684,0.954056,0.0,6.0,0.627022
ret_lag1,ETHUSDT,2.1e-05,0.009923,-0.234113,0.166186,0.002018
ret_lag2,ETHUSDT,2.2e-05,0.009921,-0.234113,0.166186,0.002018
ret_lag3,ETHUSDT,2.4e-05,0.009919,-0.234113,0.166186,0.002018
ret_lag4,ETHUSDT,2.5e-05,0.00992,-0.234113,0.166186,0.002018
ret_lag5,ETHUSDT,2.6e-05,0.009918,-0.234113,0.166186,0.002018
ret_lag6,ETHUSDT,2.4e-05,0.009918,-0.234113,0.166186,0.002018
rv_6,ETHUSDT,0.018413,0.015855,0.000934,0.291987,0.0
rv_24,ETHUSDT,0.039803,0.027854,0.002659,0.4018,0.0
volume_change,ETHUSDT,9.2e-05,0.55277,-4.984484,9.027665,0.0
target,ETHUSDT,2.2e-05,0.009924,-0.234113,0.166186,0.002063
en_sent_mean,ETHUSDT,0.009212,0.26284,-0.969115,0.94187,0.575807
en_news_intensity,ETHUSDT,-0.133259,0.515377,-1.169455,2.945432,0.00558
en_neg_share,ETHUSDT,0.082812,0.233802,0.0,1.0,0.857455
en_sent_lag1,ETHUSDT,0.009205,0.262862,-0.969115,0.94187,0.575777
en_sent_max6,ETHUSDT,0.254191,0.299019,-0.255365,0.94187,0.353729
en_sent_min6,ETHUSDT,-0.245105,0.329825,-0.969115,0.315446,0.468033
en_sent_std6,ETHUSDT,0.187275,0.177513,0.0,0.835088,0.278294
en_sent_trend3,ETHUSDT,-2.1e-05,0.212833,-1.121866,1.433656,0.278294
en_news_count,ETHUSDT,0.920646,1.491394,0.0,41.0,0.575807
ru_sent_mean,ETHUSDT,0.005659,0.225587,-0.968972,0.988656,0.681933
ru_news_intensity,ETHUSDT,-0.109948,0.438087,-0.615829,1.695368,0.0
ru_neg_share,ETHUSDT,0.055554,0.206697,0.0,1.0,0.921849
ru_sent_lag1,ETHUSDT,0.005716,0.225586,-0.968972,0.988656,0.681844
ru_sent_max6,ETHUSDT,0.210745,0.29339,-0.313163,0.988656,0.476611
ru_sent_min6,ETHUSDT,-0.197304,0.285543,-0.968972,0.227922,0.507747
ru_sent_std6,ETHUSDT,0.153493,0.163653,0.0,0.827767,0.340833
ru_sent_trend3,ETHUSDT,-2.9e-05,0.183504,-1.202872,1.382325,0.340833
ru_news_count,ETHUSDT,0.482933,0.826085,0.0,6.0,0.681933
