language,direction,dependent,sample,lags,lag_choice,wald,df,p_value,n,hac_lags
en,новости → доходность,return,full,1,фиксированное,0.006764284733148434,2,0.9966235706343772,67382,17
en,новости → доходность,return,full,6,фиксированное,7.359677092098749,12,0.8329584912007238,67381,17
en,новости → доходность,return,full,24,фиксированное,42.795565346336375,48,0.6854327338944731,67363,17
en,новости → доходность,return,full,2,по BIC,1.5611242149804894,4,0.8157616989144569,67382,17
en,новости → доходность,return,test,1,фиксированное,1.4350014764447079,2,0.48797029873833264,17544,12
en,новости → доходность,return,test,6,фиксированное,12.544272828377629,12,0.4030154359872066,17544,12
en,новости → доходность,return,test,24,фиксированное,63.04954422619562,48,0.07130648581903877,17544,12
en,новости → доходность,return,test,1,по BIC,1.4350014764447079,2,0.48797029873833264,17544,12
en,доходность → новости,sent_mean,full,1,фиксированное,1.143546082450248,1,0.2849042675323207,67381,17
en,доходность → новости,sent_mean,full,6,фиксированное,49.90279235218527,6,4.91679569404172e-09,67380,17
en,доходность → новости,sent_mean,full,24,фиксированное,123.64225799097369,24,2.1682235129828654e-15,67362,17
en,доходность → новости,sent_mean,full,7,по BIC,60.537109580478145,7,1.1791464852840818e-10,67379,17
en,доходность → новости,sent_mean,test,1,фиксированное,0.09004032500699075,1,0.7641258969921738,17543,12
en,доходность → новости,sent_mean,test,6,фиксированное,18.02266670960294,6,0.006175798855753181,17543,12
en,доходность → новости,sent_mean,test,24,фиксированное,89.049587071964,24,2.069635678330666e-09,17543,12
en,доходность → новости,sent_mean,test,2,по BIC,1.1792904322451334,2,0.5545239860091096,17543,12
en,доходность → новости,news_intensity,full,1,фиксированное,0.27984849332215095,1,0.596800536751817,67381,17
en,доходность → новости,news_intensity,full,6,фиксированное,5.182202902307265,6,0.5206657959352265,67380,17
en,доходность → новости,news_intensity,full,24,фиксированное,23.468847703907972,24,0.4922812995907496,67362,17
en,доходность → новости,news_intensity,full,24,по BIC,23.468847703907972,24,0.4922812995907496,67362,17
en,доходность → новости,news_intensity,test,1,фиксированное,0.07385221998363868,1,0.7858083709457453,17543,12
en,доходность → новости,news_intensity,test,6,фиксированное,1.9314690596348185,6,0.9258921776216953,17543,12
en,доходность → новости,news_intensity,test,24,фиксированное,26.48312683260577,24,0.3291152544166457,17543,12
en,доходность → новости,news_intensity,test,24,по BIC,26.48312683260577,24,0.3291152544166457,17543,12
ru,новости → доходность,return,full,1,фиксированное,1.6596797211277456,2,0.4361191205998325,67382,17
ru,новости → доходность,return,full,6,фиксированное,8.142672183238115,12,0.7738839780944875,67381,17
ru,новости → доходность,return,full,24,фиксированное,50.739828494120246,48,0.3660722689834575,67363,17
ru,новости → доходность,return,full,2,по BIC,2.9217660769026375,4,0.5710018701016415,67382,17
ru,новости → доходность,return,test,1,фиксированное,1.0069712630493495,2,0.6044201976078561,17544,12
ru,новости → доходность,return,test,6,фиксированное,14.234880284668881,12,0.28596146478748363,17544,12
ru,новости → доходность,return,test,24,фиксированное,60.824549653962904,48,0.10126084662901683,17544,12
ru,новости → доходность,return,test,1,по BIC,1.0069712630493495,2,0.6044201976078561,17544,12
ru,доходность → новости,sent_mean,full,1,фиксированное,2.1519535197975244,1,0.14238861729995086,67381,17
ru,доходность → новости,sent_mean,full,6,фиксированное,14.505488969966335,6,0.024472036423653355,67380,17
ru,доходность → новости,sent_mean,full,24,фиксированное,49.591671845497665,24,0.0015953679109967256,67362,17
ru,доходность → новости,sent_mean,full,1,по BIC,2.1519535197975244,1,0.14238861729995086,67381,17
ru,доходность → новости,sent_mean,test,1,фиксированное,0.0026276586597130387,1,0.9591177892451376,17543,12
ru,доходность → новости,sent_mean,test,6,фиксированное,10.944813698484769,6,0.09009707976961859,17543,12
ru,доходность → новости,sent_mean,test,24,фиксированное,41.735835965129674,24,0.013811779615704584,17543,12
ru,доходность → новости,sent_mean,test,1,по BIC,0.0026276586597130387,1,0.9591177892451376,17543,12
ru,доходность → новости,news_intensity,full,1,фиксированное,0.08437611013662154,1,0.7714523675239368,67381,17
ru,доходность → новости,news_intensity,full,6,фиксированное,4.36842960886693,6,0.626949415322827,67380,17
ru,доходность → новости,news_intensity,full,24,фиксированное,34.12695196179399,24,0.08243798418519666,67362,17
ru,доходность → новости,news_intensity,full,24,по BIC,34.12695196179399,24,0.08243798418519666,67362,17
ru,доходность → новости,news_intensity,test,1,фиксированное,0.0002790507572453403,1,0.9866721079593059,17543,12
ru,доходность → новости,news_intensity,test,6,фиксированное,8.587820245491988,6,0.19811985815379302,17543,12
ru,доходность → новости,news_intensity,test,24,фиксированное,37.20429968778803,24,0.041748394770264596,17543,12
ru,доходность → новости,news_intensity,test,24,по BIC,37.20429968778803,24,0.041748394770264596,17543,12
