feature_set,shift_hours,rows,rmse,mse_change_vs_price_pct,dir_accuracy
P_EN,0,17544,0.006704029031500272,-0.009321801905404214,0.5066727500855481
P_EN,1,17544,0.006703123482703944,-0.036332521151061226,0.5074141667617201
P_EN,2,17544,0.006703292853875378,-0.03128079342827883,0.5094673206341964
P_EN,3,17544,0.006706051366302856,0.05101359565837793,0.5073001026576937
P_EN,24,17544,0.006705675962528941,0.039812226999536016,0.5064446218774952
P_RU,0,17544,0.006702089852042529,-0.06715920830181465,0.5075282308657465
P_RU,1,17544,0.006702291248837477,-0.06115318430520711,0.5071860385536672
P_RU,2,17544,0.0067026071984497655,-0.05173062029597553,0.5075282308657465
P_RU,3,17544,0.0067036757283899405,-0.019860564961649008,0.5081555834378921
P_RU,24,17544,0.006704946875218737,0.018059373783985144,0.5114634424546595
P_EN_RU,0,17544,0.006703653711994616,-0.02051727890454158,0.5072430706056804
P_EN_RU,1,17544,0.006703951674193325,-0.01162935902426776,0.5095243526862097
P_EN_RU,2,17544,0.006703488110474789,-0.025456838881643407,0.505931333409376
P_EN_RU,3,17544,0.0067046059021386665,0.007887004262219222,0.5081555834378921
P_EN_RU,24,17544,0.0067093869226581525,0.1505680943606258,0.5055321090452835
