permutation,feature_set,rows,dir_accuracy,share_up,pred_up_share,chance_accuracy
0,P_EN_RU,17505,0.5035132819194515,0.5101970865467009,0.6114824335904028,0.5022735920475163
1,P_EN_RU,17507,0.49751527960244474,0.505797680927629,0.5403552864568458,0.5004679341492397
2,P_EN_RU,17513,0.5069948038599897,0.504082681436647,0.7771369839547765,0.502262924039601
3,P_EN_RU,17497,0.49694233297136653,0.5121449391324226,0.22866777161799165,0.49340937320327183
4,P_EN_RU,17512,0.5027409776153495,0.5043398812243033,0.7161946094106898,0.5018765178523541
5,P_EN_RU,17503,0.5056847397588985,0.506313203450837,0.8006627435296806,0.5037962901399794
6,P_EN_RU,17502,0.5003428179636613,0.5028568163638442,0.8314478345331963,0.5018937711949103
7,P_EN_RU,17507,0.5008282401325185,0.5087679214028674,0.43445478951276634,0.49885060949222704
8,P_EN_RU,17505,0.5038560411311054,0.5049414453013424,0.6809483004855755,0.5017882922584407
9,P_EN_RU,17504,0.49971435100548445,0.5086265996343693,0.5999771480804388,0.501724925658152
10,P_EN_RU,17513,0.4983726374693085,0.5049391880317479,0.747444755324616,0.5024443523480362
11,P_EN_RU,17507,0.4931170388987262,0.5065973610555777,0.40446678471468556,0.4987394657719251
12,P_EN_RU,17515,0.5000285469597487,0.5003711104767342,0.9488438481301741,0.5003331413089176
13,P_EN_RU,17503,0.5052848083185739,0.5057418728218019,0.6747986059532651,0.5020073427296239
14,P_EN_RU,17511,0.5023128319342128,0.5085374907201188,0.5605619324995716,0.5010340938734151
15,P_EN_RU,17510,0.5010279840091376,0.5019417475728155,0.6671616219303256,0.5006491713473022
16,P_EN_RU,17517,0.5016840783239139,0.5005423303077011,0.7266655249186504,0.5002458551677488
17,P_EN_RU,17497,0.5047722466708578,0.5054580785277476,0.5799279876550266,0.5008725064663719
18,P_EN_RU,17511,0.5062532122665753,0.5049968591171263,0.570898292501856,0.5007085375585532
19,P_EN_RU,17512,0.5061671996345363,0.5086226587482869,0.578631795340338,0.5013560302759698
