Актив,Модель,Набор,Строк,RMSE,RMSE / нулевой прогноз,Угадано направлений
BTCUSDT,naive_zero,none,17544,0.005181,1.0,
BTCUSDT,naive_mean,none,17544,0.00518,0.999921,0.510232
BTCUSDT,arima,P,17544,0.005182,1.000216,0.519295
BTCUSDT,arimax,P_EN,17544,0.005184,1.00051,0.512911
BTCUSDT,arimax,P_RU,17544,0.005184,1.000585,0.5173
BTCUSDT,arimax,P_EN_RU,17544,0.005185,1.000853,0.51559
BTCUSDT,random_forest,P,17544,0.005175,0.998924,0.507952
BTCUSDT,random_forest,P_EN,17544,0.005177,0.999299,0.506983
BTCUSDT,random_forest,P_RU,17544,0.005177,0.999234,0.508408
BTCUSDT,random_forest,P_EN_RU,17544,0.005177,0.99927,0.507895
BTCUSDT,xgboost,P,17544,0.005178,0.999481,0.512854
BTCUSDT,xgboost,P_EN,17544,0.005178,0.999472,0.511828
BTCUSDT,xgboost,P_RU,17544,0.005178,0.999378,0.510517
BTCUSDT,xgboost,P_EN_RU,17544,0.005179,0.999599,0.508864
BTCUSDT,lstm,P,17544,0.00518,0.999826,0.510232
BTCUSDT,lstm,P_EN,17544,0.005181,1.000102,0.50932
BTCUSDT,lstm,P_RU,17544,0.005185,1.000744,0.508978
BTCUSDT,lstm,P_EN_RU,17544,0.005184,1.000613,0.510232
ETHUSDT,naive_zero,none,17544,0.006703,1.0,
ETHUSDT,naive_mean,none,17544,0.006703,1.000008,0.507642
ETHUSDT,arima,P,17544,0.006706,1.000395,0.507186
ETHUSDT,arimax,P_EN,17544,0.006707,1.000597,0.508099
ETHUSDT,arimax,P_RU,17544,0.006708,1.000742,0.510722
ETHUSDT,arimax,P_EN_RU,17544,0.00671,1.000964,0.511235
ETHUSDT,random_forest,P,17544,0.00671,1.001028,0.502623
ETHUSDT,random_forest,P_EN,17544,0.006708,1.000681,0.498175
ETHUSDT,random_forest,P_RU,17544,0.006711,1.001216,0.50673
ETHUSDT,random_forest,P_EN_RU,17544,0.006707,1.000651,0.507813
ETHUSDT,xgboost,P,17544,0.006705,1.000258,0.509467
ETHUSDT,xgboost,P_EN,17544,0.006705,1.00028,0.5073
ETHUSDT,xgboost,P_RU,17544,0.006703,1.000006,0.509239
ETHUSDT,xgboost,P_EN_RU,17544,0.006705,1.000254,0.508954
ETHUSDT,lstm,P,17544,0.006703,1.000033,0.505646
ETHUSDT,lstm,P_EN,17544,0.006703,1.000036,0.507357
ETHUSDT,lstm,P_RU,17544,0.006703,1.000039,0.510266
ETHUSDT,lstm,P_EN_RU,17544,0.006703,0.999984,0.510551
