question,comparison,subset,language,rows,mse_change_pct,se_pct,ci_low_pct,ci_high_pct,mde_pct,dm_stat,p_value,hac_lags,p_holm
В1,Random Forest P_EN против Random Forest P,news,en,12281,0.06167341546731861,0.07559955377456504,-0.08649898717812796,0.20984581811276518,0.18797638992731744,-0.8157907340462137,0.7926900831395469,11,1.0
В1,Random Forest P_EN против Random Forest P,burst,en,1758,0.1263601245084231,0.16397475885516163,-0.19502449722133403,0.4477447462381802,0.4077191156539079,-0.7706071677777955,0.7795300943350673,7,1.0
В1,Random Forest P_RU против Random Forest P,news,ru,5849,0.05095302487887668,0.07485082564034967,-0.09575189758929592,0.19765794734704928,0.1861146962442236,-0.6807276264887256,0.7519780739315054,9,1.0
В1,Random Forest P_RU против Random Forest P,burst,ru,1770,0.020302183237079465,0.10862655570850278,-0.1926019537162198,0.23320632019037874,0.27009719995454395,-0.18689889506908394,0.5741300472293115,7,1.0
В1,Random Forest P_EN_RU против Random Forest P,news,both,13130,0.03961491041551465,0.076293550264054,-0.10991770035472753,0.18914752118575684,0.18970199475172392,-0.5192432424288345,0.6982044362342779,11,1.0
В1,Random Forest P_EN_RU против Random Forest P,burst,both,3170,0.014500501186861713,0.13263997504488353,-0.24546907281140154,0.27447007518512495,0.3298059634496849,-0.10932225508904796,0.543526552311721,8,1.0
В1,XGBoost P_EN против XGBoost P,news,en,12281,-0.04009980245858377,0.08473255866138078,-0.20617256575281753,0.12597296083565,0.21068537697943115,0.4732514052695588,0.31801691353712747,11,1.0
В1,XGBoost P_EN против XGBoost P,burst,en,1758,-0.18981493828087626,0.10577980765205376,-0.39713955157047603,0.017509675008723524,0.2630188324779368,1.7944345191592994,0.03637192069174434,7,0.4364630483009321
В1,XGBoost P_RU против XGBoost P,news,ru,5849,-0.039143082863401124,0.04056404860792306,-0.11864715720206244,0.04036099147526019,0.10086148710468991,0.9649698244310755,0.16727996305660292,9,1.0
В1,XGBoost P_RU против XGBoost P,burst,ru,1770,0.013053404552650498,0.08725799572845708,-0.15796912443827524,0.18407593354357624,0.2169648127585528,-0.14959551206369787,0.5594581254034513,7,1.0
В1,XGBoost P_EN_RU против XGBoost P,news,both,13130,0.0026173349269571554,0.07191912457327669,-0.13834155903631476,0.14357622889022906,0.1788250952423741,-0.03639275286631743,0.5145154036359114,11,1.0
В1,XGBoost P_EN_RU против XGBoost P,burst,both,3170,0.019228535804072848,0.07138967153153576,-0.12069264926588164,0.15914972087402735,0.17750862356425715,-0.26934618680208955,0.606168353491579,8,1.0
В1,LSTM P_EN против LSTM P,news,en,12281,0.0758718655051117,0.0922607182213192,-0.10495581939647226,0.2566995504066957,0.22940395647123438,-0.8223636989591476,0.7945650334205073,11,1.0
В1,LSTM P_EN против LSTM P,burst,en,1758,-0.3483795955122998,0.21449113117792373,-0.7687744876242866,0.07201529659968703,0.5333268054793457,1.6242144539921022,0.05216502355666786,7,0.5738152591233465
В1,LSTM P_RU против LSTM P,news,ru,5849,0.3104418153610496,0.13026668926133675,0.055123796023558935,0.5657598346985402,0.3239048480120559,-2.383125088396554,0.9914168199306266,9,1.0
В1,LSTM P_RU против LSTM P,burst,ru,1770,0.47870049662879716,0.3267967925322799,-0.16180944699767946,1.1192104402552738,0.8125720091315174,-1.464826178125701,0.9285158261324269,7,1.0
В1,LSTM P_EN_RU против LSTM P,news,both,13130,0.16975570146032581,0.10268930759741215,-0.031511643027957364,0.371023045948609,0.2553343817856212,-1.6531000688586182,0.9508447503312719,11,1.0
В1,LSTM P_EN_RU против LSTM P,burst,both,3170,0.1582903601310771,0.18245484196659803,-0.19931455892840222,0.5158952791905564,0.4536693777308958,-0.8675591090098628,0.807182130018967,8,1.0
В1,ARIMAX P_EN против ARIMA P,news,en,12281,0.07620037038462416,0.04669801288921372,-0.015326053027821973,0.16772679379707028,0.11611343508547368,-1.6317690126430384,0.9486359222632796,11,1.0
В1,ARIMAX P_EN против ARIMA P,burst,en,1758,-0.09397756550454578,0.10067127277335267,-0.2912896344181247,0.10333450340903316,0.2503165889279345,0.9335092615360406,0.17527854541178217,7,1.0
В1,ARIMAX P_RU против ARIMA P,news,ru,5849,0.051738762255895555,0.13462975352805384,-0.21213070590659425,0.31560823041838537,0.3347534976261002,-0.3843040702374482,0.6496234542052843,9,1.0
В1,ARIMAX P_RU против ARIMA P,burst,ru,1770,0.2264059540449602,0.21075033190586415,-0.1866571062203962,0.6394690143103166,0.5240254021311017,-1.0742851600636572,0.8586525529382314,7,1.0
В1,ARIMAX P_EN_RU против ARIMA P,news,both,13130,0.10739821844839283,0.092916869746677,-0.07471549981129343,0.28951193670807907,0.23103546074373124,-1.1558527395638372,0.8761293017515586,11,1.0
В1,ARIMAX P_EN_RU против ARIMA P,burst,both,3170,0.194772545353338,0.1729264457435457,-0.1441570602785313,0.5337021509852073,0.42997726006116066,-1.1263317447823487,0.869987437130832,8,1.0
В2,Random Forest P_EN_RU против Random Forest P_EN,news,ru,5849,0.00521654021841365,0.011284010118096849,-0.016899713214241736,0.027332793651069037,0.028057407484550625,-0.46229489018691766,0.6780650682635536,9,1.0
В2,Random Forest P_EN_RU против Random Forest P_EN,burst,ru,1770,0.013364566376198022,0.022857224937117976,-0.03143477128708401,0.05816390403948006,0.05683391518749494,-0.5846976793099335,0.7206244926158897,7,1.0
В2,XGBoost P_EN_RU против XGBoost P_EN,news,ru,5849,0.03415379648926493,0.05198029529526925,-0.06772571019521961,0.13603330317374948,0.12924769749432102,-0.6570527599979463,0.7444265037241022,9,1.0
В2,XGBoost P_EN_RU против XGBoost P_EN,burst,ru,1770,0.031316557719987724,0.07335654270532929,-0.1124596240128321,0.17509273945280757,0.18239919929178483,-0.4269088559119431,0.6652771425207087,7,1.0
В2,LSTM P_EN_RU против LSTM P_EN,news,ru,5849,0.07534077621338225,0.10063430727457418,-0.12189884165392029,0.2725803940806848,0.2502246751445151,-0.7486589638642797,0.7729686084132337,9,1.0
В2,LSTM P_EN_RU против LSTM P_EN,burst,ru,1770,0.22559569203330435,0.1728439187330476,-0.11317216363023694,0.5643635476968456,0.4297720587242429,-1.305198896709408,0.9040874351053956,7,1.0
В2,ARIMAX P_EN_RU против ARIMAX P_EN,news,ru,5849,0.045896818960725325,0.13170223042561152,-0.21223480935706857,0.30402844727851924,0.32747428502827297,-0.3484893066154177,0.6362636283901861,9,1.0
В2,ARIMAX P_EN_RU против ARIMAX P_EN,burst,ru,1770,0.24070890920140922,0.20517581167226923,-0.16142829217501128,0.6428461105778297,0.5101644977107833,-1.173183657661838,0.879638917947172,7,1.0
