Месяц,Новостей
2017-08,67
2017-09,129
2017-10,188
2017-11,315
2017-12,360
2018-01,324
2018-02,261
2018-03,375
2018-04,521
2018-05,595
2018-06,507
2018-07,558
2018-08,520
2018-09,555
2018-10,604
2018-11,682
2018-12,599
2019-01,677
2019-02,806
2019-03,744
2019-04,769
2019-05,1141
2019-06,1040
2019-07,1066
2019-08,1133
2019-09,1137
2019-10,885
2019-11,1037
2019-12,851
2020-01,1192
2020-02,1090
2020-03,1325
2020-04,1178
2020-05,1334
2020-06,1248
2020-07,1149
2020-08,1085
2020-09,1019
2020-10,1327
2020-11,1215
2020-12,579
2021-01,631
2021-02,787
2021-03,1738
2021-04,1553
2021-05,1643
2021-06,1106
2021-07,1389
2021-08,1402
2021-09,1004
2021-10,1425
2021-11,1620
2021-12,1323
2022-01,1453
2022-02,1430
2022-03,1468
2022-04,1419
2022-05,1427
2022-06,1302
2022-07,1373
2022-08,1533
2022-09,1562
2022-10,1465
2022-11,1518
2022-12,1289
2023-01,1301
2023-02,1361
2023-03,1601
2023-04,1441
2023-05,1515
2023-06,1786
2023-07,1474
2023-08,1024
2023-09,786
2023-10,2391
2023-11,1290
2023-12,1147
2024-01,1305
2024-02,1668
2024-03,1858
2024-04,1801
2024-05,1854
2024-06,1333
2024-07,1867
2024-08,1859
2024-09,1677
2024-10,1787
2024-11,1714
2024-12,1754
2025-01,1648
2025-02,1802
2025-03,2107
2025-04,2181
2025-05,2131
2025-06,1979
2025-07,1642
2025-08,782
