question,comparison,fold,mse_change_pct
В1,Random Forest P_EN против Random Forest P,fold_1,-0.20996348305386547
В1,Random Forest P_EN против Random Forest P,fold_2,0.025674398755781702
В1,Random Forest P_EN против Random Forest P,fold_3,0.10085223443985214
В1,Random Forest P_EN против Random Forest P,fold_4,0.32010808786684386
В1,Random Forest P_EN против Random Forest P,fold_5,0.019060055281716615
В1,Random Forest P_EN против Random Forest P,fold_6,-0.11285366069986313
В1,Random Forest P_EN против Random Forest P,fold_7,0.0816248402412123
В1,Random Forest P_EN против Random Forest P,fold_8,0.12474671876669952
В1,Random Forest P_RU против Random Forest P,fold_1,-0.2132939585026583
В1,Random Forest P_RU против Random Forest P,fold_2,0.06353413328754609
В1,Random Forest P_RU против Random Forest P,fold_3,0.10881142477092709
В1,Random Forest P_RU против Random Forest P,fold_4,0.3337251756088788
В1,Random Forest P_RU против Random Forest P,fold_5,-0.1285999880481059
В1,Random Forest P_RU против Random Forest P,fold_6,-0.09441374306595751
В1,Random Forest P_RU против Random Forest P,fold_7,0.07264726581472924
В1,Random Forest P_RU против Random Forest P,fold_8,0.14377940018648339
В1,Random Forest P_EN_RU против Random Forest P,fold_1,-0.2250569009034975
В1,Random Forest P_EN_RU против Random Forest P,fold_2,0.09488623631119797
В1,Random Forest P_EN_RU против Random Forest P,fold_3,0.10501591511153929
В1,Random Forest P_EN_RU против Random Forest P,fold_4,0.3616660571301278
В1,Random Forest P_EN_RU против Random Forest P,fold_5,-0.13005392973656216
В1,Random Forest P_EN_RU против Random Forest P,fold_6,-0.09043714687170246
В1,Random Forest P_EN_RU против Random Forest P,fold_7,0.08078882914952512
В1,Random Forest P_EN_RU против Random Forest P,fold_8,0.1430660534799122
В1,XGBoost P_EN против XGBoost P,fold_1,0.2423255762875165
В1,XGBoost P_EN против XGBoost P,fold_2,-0.0538514562216319
В1,XGBoost P_EN против XGBoost P,fold_3,-0.049078277976999374
В1,XGBoost P_EN против XGBoost P,fold_4,-0.10267889369434124
В1,XGBoost P_EN против XGBoost P,fold_5,0.0434689723306958
В1,XGBoost P_EN против XGBoost P,fold_6,-0.02096184368026721
В1,XGBoost P_EN против XGBoost P,fold_7,-0.016629330406248144
В1,XGBoost P_EN против XGBoost P,fold_8,0.04862626494259725
В1,XGBoost P_RU против XGBoost P,fold_1,0.010865578088292693
В1,XGBoost P_RU против XGBoost P,fold_2,0.07296135501595469
В1,XGBoost P_RU против XGBoost P,fold_3,-0.05761265070841626
В1,XGBoost P_RU против XGBoost P,fold_4,0.056367214560082424
В1,XGBoost P_RU против XGBoost P,fold_5,-0.15689383865422624
В1,XGBoost P_RU против XGBoost P,fold_6,-0.006365023109544676
В1,XGBoost P_RU против XGBoost P,fold_7,-0.020039332299026658
В1,XGBoost P_RU против XGBoost P,fold_8,-0.01507483728839798
В1,XGBoost P_EN_RU против XGBoost P,fold_1,0.4945859374612116
В1,XGBoost P_EN_RU против XGBoost P,fold_2,0.041687209958696236
В1,XGBoost P_EN_RU против XGBoost P,fold_3,-0.06833926512000987
В1,XGBoost P_EN_RU против XGBoost P,fold_4,-0.00884573783359599
В1,XGBoost P_EN_RU против XGBoost P,fold_5,-0.13485146212594
В1,XGBoost P_EN_RU против XGBoost P,fold_6,0.008391559281450967
В1,XGBoost P_EN_RU против XGBoost P,fold_7,-0.057921042379593946
В1,XGBoost P_EN_RU против XGBoost P,fold_8,0.16007182342607784
В1,LSTM P_EN против LSTM P,fold_1,0.024154821804667215
В1,LSTM P_EN против LSTM P,fold_2,-0.008122238111396562
В1,LSTM P_EN против LSTM P,fold_3,-0.10271542843635073
В1,LSTM P_EN против LSTM P,fold_4,0.11997032570363331
В1,LSTM P_EN против LSTM P,fold_5,0.47605110480435364
В1,LSTM P_EN против LSTM P,fold_6,0.01550058334716109
В1,LSTM P_EN против LSTM P,fold_7,-0.16339174375064047
В1,LSTM P_EN против LSTM P,fold_8,-0.03746459811030389
В1,LSTM P_RU против LSTM P,fold_1,-0.10580174090490946
В1,LSTM P_RU против LSTM P,fold_2,0.03214041987043004
В1,LSTM P_RU против LSTM P,fold_3,0.2874296524686626
В1,LSTM P_RU против LSTM P,fold_4,0.20039817903882984
В1,LSTM P_RU против LSTM P,fold_5,0.4789945006434593
В1,LSTM P_RU против LSTM P,fold_6,0.2455982489431241
В1,LSTM P_RU против LSTM P,fold_7,0.02785537227978363
В1,LSTM P_RU против LSTM P,fold_8,0.09431734206721831
В1,LSTM P_EN_RU против LSTM P,fold_1,-0.032735361161684295
В1,LSTM P_EN_RU против LSTM P,fold_2,0.02976583183686987
В1,LSTM P_EN_RU против LSTM P,fold_3,0.17028808439758514
В1,LSTM P_EN_RU против LSTM P,fold_4,-0.04818090150234822
В1,LSTM P_EN_RU против LSTM P,fold_5,0.7976496028368585
В1,LSTM P_EN_RU против LSTM P,fold_6,0.39271605971342716
В1,LSTM P_EN_RU против LSTM P,fold_7,-0.26541227638993137
В1,LSTM P_EN_RU против LSTM P,fold_8,0.12304397237579145
В1,ARIMAX P_EN против ARIMA P,fold_1,-0.0029744998010894363
В1,ARIMAX P_EN против ARIMA P,fold_2,0.12379227382548486
В1,ARIMAX P_EN против ARIMA P,fold_3,0.045202997544935286
В1,ARIMAX P_EN против ARIMA P,fold_4,0.09008927012732482
В1,ARIMAX P_EN против ARIMA P,fold_5,0.026271571414904216
В1,ARIMAX P_EN против ARIMA P,fold_6,0.11562923893286836
В1,ARIMAX P_EN против ARIMA P,fold_7,0.04134144849299304
В1,ARIMAX P_EN против ARIMA P,fold_8,0.03582850771897128
В1,ARIMAX P_RU против ARIMA P,fold_1,-0.1834312428638185
В1,ARIMAX P_RU против ARIMA P,fold_2,0.4817923021418258
В1,ARIMAX P_RU против ARIMA P,fold_3,0.2654840816048054
В1,ARIMAX P_RU против ARIMA P,fold_4,0.2405608978299556
В1,ARIMAX P_RU против ARIMA P,fold_5,-0.028835418328232443
В1,ARIMAX P_RU против ARIMA P,fold_6,-0.2870941638765667
В1,ARIMAX P_RU против ARIMA P,fold_7,-0.034669287646282854
В1,ARIMAX P_RU против ARIMA P,fold_8,0.14500548041227468
В1,ARIMAX P_EN_RU против ARIMA P,fold_1,-0.2386183538315212
В1,ARIMAX P_EN_RU против ARIMA P,fold_2,0.5900817440034789
В1,ARIMAX P_EN_RU против ARIMA P,fold_3,0.278512210765669
В1,ARIMAX P_EN_RU против ARIMA P,fold_4,0.33589364297177404
В1,ARIMAX P_EN_RU против ARIMA P,fold_5,0.01649668173877572
В1,ARIMAX P_EN_RU против ARIMA P,fold_6,-0.15548678082967227
В1,ARIMAX P_EN_RU против ARIMA P,fold_7,0.011630864237188732
В1,ARIMAX P_EN_RU против ARIMA P,fold_8,0.15905551492789716
В2,Random Forest P_EN_RU против Random Forest P_EN,fold_1,-0.015125175194286022
В2,Random Forest P_EN_RU против Random Forest P_EN,fold_2,0.06919407239336373
В2,Random Forest P_EN_RU против Random Forest P_EN,fold_3,0.004159485737398327
В2,Random Forest P_EN_RU против Random Forest P_EN,fold_4,0.041425363324854025
В2,Random Forest P_EN_RU против Random Forest P_EN,fold_5,-0.1490855692263704
В2,Random Forest P_EN_RU против Random Forest P_EN,fold_6,0.02244184026642948
В2,Random Forest P_EN_RU против Random Forest P_EN,fold_7,-0.0008353292555218772
В2,Random Forest P_EN_RU против Random Forest P_EN,fold_8,0.018296510416804246
В2,XGBoost P_EN_RU против XGBoost P_EN,fold_1,0.2516505475341546
В2,XGBoost P_EN_RU против XGBoost P_EN,fold_2,0.09559014286426581
В2,XGBoost P_EN_RU против XGBoost P_EN,fold_3,-0.01927044474545614
В2,XGBoost P_EN_RU против XGBoost P_EN,fold_4,0.0939296017366642
В2,XGBoost P_EN_RU против XGBoost P_EN,fold_5,-0.17824295407624646
В2,XGBoost P_EN_RU против XGBoost P_EN,fold_6,0.02935955726621753
В2,XGBoost P_EN_RU против XGBoost P_EN,fold_7,-0.04129857965059491
В2,XGBoost P_EN_RU против XGBoost P_EN,fold_8,0.11139139300957446
В2,LSTM P_EN_RU против LSTM P_EN,fold_1,-0.05687644456251473
В2,LSTM P_EN_RU против LSTM P_EN,fold_2,0.03789114755750056
В2,LSTM P_EN_RU против LSTM P_EN,fold_3,0.27328421788919144
В2,LSTM P_EN_RU против LSTM P_EN,fold_4,-0.16794973735904106
В2,LSTM P_EN_RU против LSTM P_EN,fold_5,0.32007477851319077
В2,LSTM P_EN_RU против LSTM P_EN,fold_6,0.3771570148288328
В2,LSTM P_EN_RU против LSTM P_EN,fold_7,-0.10218749857511256
В2,LSTM P_EN_RU против LSTM P_EN,fold_8,0.160568726914323
В2,ARIMAX P_EN_RU против ARIMAX P_EN,fold_1,-0.23565086346489794
В2,ARIMAX P_EN_RU против ARIMAX P_EN,fold_2,0.465712953523334
В2,ARIMAX P_EN_RU против ARIMAX P_EN,fold_3,0.23320379811360148
В2,ARIMAX P_EN_RU против ARIMAX P_EN,fold_4,0.2455831287961674
В2,ARIMAX P_EN_RU против ARIMAX P_EN,fold_5,-0.009772322333501116
В2,ARIMAX P_EN_RU против ARIMAX P_EN,fold_6,-0.2708028924390038
В2,ARIMAX P_EN_RU против ARIMAX P_EN,fold_7,-0.02969830654570016
В2,ARIMAX P_EN_RU против ARIMAX P_EN,fold_8,0.12318287262391703
