question,base,alternative,comparison,rows,mse_change_pct,se_pct,ci_low_pct,ci_high_pct,mde_pct,dm_stat,p_value,hac_lags
В1,random_forest:P,random_forest:P_EN,Random Forest P_EN против Random Forest P,17544,-0.06916838841494159,0.08244123344859002,-0.23075023681523688,0.09241345998535368,0.20498805444054122,0.8390023477520467,0.20073399607203263,12
В1,random_forest:P,random_forest:P_RU,Random Forest P_RU против Random Forest P,17544,0.03758514910355408,0.04482980217995727,-0.050279648603217375,0.12544994681032554,0.1114681761227451,-0.8383964968812162,0.799095971874377,12
В1,random_forest:P,random_forest:P_EN_RU,Random Forest P_EN_RU против Random Forest P,17544,-0.07525843967967408,0.057711434391202125,-0.1883707725825765,0.03785389322322835,0.14349803077852658,1.304047291036435,0.0961087293335986,12
В1,xgboost:P,xgboost:P_EN,XGBoost P_EN против XGBoost P,17544,0.0044943950936736955,0.02650837960578315,-0.04746107422217735,0.05644986440952475,0.06591241948301714,-0.16954620239002405,0.5673164829489487,12
В1,xgboost:P,xgboost:P_RU,XGBoost P_RU против XGBoost P,17544,-0.05024257628839379,0.03899632815947453,-0.126673975010269,0.026188822433481418,0.09696338962129263,1.2883924887217075,0.09880468604924764,12
В1,xgboost:P,xgboost:P_EN_RU,XGBoost P_EN_RU против XGBoost P,17544,-0.0006547242924352842,0.017913324766139598,-0.035764195677438285,0.03445474709256771,0.04454103169941499,0.03654956860229918,0.48542207753024186,12
В1,lstm:P,lstm:P_EN,LSTM P_EN против LSTM P,17544,0.00045867558185636904,0.09493301451308994,-0.18560661380761817,0.1865239649713309,0.23604855402059485,-0.004831570810311981,0.501927510377659,12
В1,lstm:P,lstm:P_RU,LSTM P_RU против LSTM P,17544,0.0010634045438648206,0.06276137061516478,-0.1219466214822286,0.12407343056995823,0.15605457024666117,-0.016943615689742033,0.5067592012678278,12
В1,lstm:P,lstm:P_EN_RU,LSTM P_EN_RU против LSTM P,17544,-0.009903059614724086,0.12707033276070592,-0.25895633532922785,0.23915021609977966,0.3159571879279636,0.07793368758523012,0.46894040103783136,12
В1,arima:P,arimax:P_EN,ARIMAX P_EN против ARIMA P,17544,0.040454905249543545,0.04367798591509653,-0.0451523740612934,0.12606218456038049,0.10860421393622575,-0.9262081206807892,0.8228310834279084,12
В1,arima:P,arimax:P_RU,ARIMAX P_RU против ARIMA P,17544,0.06934352680156664,0.05606591798700327,-0.04054365321313619,0.17923070681626946,0.13940649560690563,-1.23682139330424,0.891923301031901,12
В1,arima:P,arimax:P_EN_RU,ARIMAX P_EN_RU против ARIMA P,17544,0.11377435083302385,0.07035889904201853,-0.024126557281222163,0.2516752589472699,0.1749456336821524,-1.6170570088806746,0.9470670121647607,12
В2,random_forest:P_EN,random_forest:P_EN_RU,Random Forest P_EN_RU против Random Forest P_EN,17544,-0.006094266570705186,0.06976216259485493,-0.14282559274024817,0.13063705959883778,0.17346186350792148,0.0873577644961747,0.4651935700171566,12
В2,xgboost:P_EN,xgboost:P_EN_RU,XGBoost P_EN_RU против XGBoost P_EN,17544,-0.005148887974740458,0.01573287029899417,-0.03598474713420894,0.025686971184728027,0.039119386482339785,0.3272694604918745,0.3717320443655733,12
В2,lstm:P_EN,lstm:P_EN_RU,LSTM P_EN_RU против LSTM P_EN,17544,-0.010361687670049295,0.12586928164813377,-0.25706094646031985,0.23633757112022127,0.3129708045303481,0.0823210201438607,0.46719571974583063,12
В2,arimax:P_EN,arimax:P_EN_RU,ARIMAX P_EN_RU против ARIMAX P_EN,17544,0.0732897962658434,0.05539426240024675,-0.035280962988801526,0.1818605555204883,0.1377364408755048,-1.3230575350258102,0.9070918774447079,12
