Месяц,blockworks.co,coindesk.com,cointelegraph.com,cryptonews.com,cryptopanic.com,decrypt.co
2017-08,0,0,15,0,52,0
2017-09,0,0,28,0,101,0
2017-10,0,0,44,0,144,0
2017-11,0,0,35,0,280,0
2017-12,0,0,24,0,336,0
2018-01,0,0,36,0,288,0
2018-02,0,0,25,0,236,0
2018-03,0,0,22,0,353,0
2018-04,0,0,28,0,493,0
2018-05,0,0,13,0,582,0
2018-06,0,0,22,0,485,0
2018-07,0,0,9,0,549,0
2018-08,0,0,7,0,512,1
2018-09,0,0,7,0,548,0
2018-10,0,0,13,0,591,0
2018-11,0,0,10,0,672,0
2018-12,0,0,24,0,575,0
2019-01,0,0,16,0,658,3
2019-02,0,0,25,0,780,1
2019-03,0,0,26,0,716,2
2019-04,0,119,18,0,632,0
2019-05,0,383,16,0,742,0
2019-06,0,363,24,0,651,2
2019-07,0,366,18,0,682,0
2019-08,0,371,16,0,743,3
2019-09,0,341,37,0,758,1
2019-10,0,391,38,0,456,0
2019-11,0,250,70,0,717,0
2019-12,0,277,57,0,516,1
2020-01,0,313,81,0,798,0
2020-02,0,317,77,0,694,2
2020-03,0,354,92,0,878,1
2020-04,0,364,47,0,767,0
2020-05,0,349,28,0,956,1
2020-06,0,455,36,0,757,0
2020-07,0,446,18,0,684,1
2020-08,0,439,17,0,627,2
2020-09,0,418,28,0,570,3
2020-10,0,515,31,0,778,3
2020-11,0,432,28,0,750,5
2020-12,1,538,34,0,0,6
2021-01,56,521,45,0,0,9
2021-02,51,557,76,0,0,103
2021-03,71,679,672,0,0,316
2021-04,76,571,640,0,0,266
2021-05,73,593,670,0,0,307
2021-06,101,0,714,0,0,291
2021-07,104,393,650,0,0,242
2021-08,119,535,498,0,0,250
2021-09,124,539,113,0,0,228
2021-10,131,558,507,0,0,229
2021-11,140,519,750,0,0,211
2021-12,122,490,505,0,0,206
2022-01,143,571,553,0,0,186
2022-02,141,508,548,0,0,233
2022-03,124,569,552,0,0,223
2022-04,113,523,534,0,0,249
2022-05,120,475,577,0,0,255
2022-06,155,325,585,0,0,237
2022-07,146,472,553,0,0,202
2022-08,177,579,561,0,0,216
2022-09,157,617,539,0,0,249
2022-10,133,591,510,0,0,231
2022-11,142,625,506,0,0,245
2022-12,140,526,467,0,0,156
2023-01,123,521,484,0,0,173
2023-02,137,576,449,0,0,199
2023-03,154,686,559,0,0,202
2023-04,197,543,505,0,0,196
2023-05,234,529,547,0,0,205
2023-06,176,275,502,605,0,228
2023-07,228,495,531,137,0,83
2023-08,240,449,181,148,0,6
2023-09,194,366,40,124,0,62
2023-10,208,427,37,1528,0,191
2023-11,154,455,36,438,0,207
2023-12,156,371,39,411,0,170
2024-01,226,433,101,302,0,243
2024-02,190,413,565,242,0,258
2024-03,193,461,699,229,0,276
2024-04,145,410,756,225,0,265
2024-05,148,410,778,251,0,267
2024-06,133,0,724,248,0,228
2024-07,135,344,831,223,0,334
2024-08,134,350,835,281,0,259
2024-09,118,363,730,246,0,220
2024-10,121,388,775,246,0,257
2024-11,110,224,711,388,0,281
2024-12,107,201,735,492,0,219
2025-01,97,205,768,284,0,294
2025-02,96,252,718,466,0,270
2025-03,105,364,788,538,0,312
2025-04,116,406,787,551,0,321
2025-05,121,415,747,527,0,321
2025-06,96,422,569,581,0,311
2025-07,91,466,7,718,0,360
2025-08,80,236,2,295,0,169
