source,published_utc,Записей
cryptonews.com,2023-06-26 10:53:54+00:00,73
cryptonews.com,2023-06-26 10:53:55+00:00,36
cryptonews.com,2023-06-26 10:53:56+00:00,30
cryptonews.com,2023-06-26 10:55:55+00:00,24
cryptonews.com,2023-06-26 10:55:53+00:00,24
cryptonews.com,2023-06-26 10:53:53+00:00,23
cryptonews.com,2023-06-26 10:55:54+00:00,22
cryptonews.com,2023-06-26 10:55:52+00:00,21
cryptonews.com,2023-06-26 10:55:51+00:00,19
cryptonews.com,2023-06-26 10:55:56+00:00,19
cryptonews.com,2023-06-26 10:54:50+00:00,16
cryptonews.com,2023-06-26 10:55:49+00:00,15
cryptonews.com,2023-06-26 10:55:17+00:00,15
cryptonews.com,2023-06-26 10:55:50+00:00,13
cryptonews.com,2023-06-26 10:55:07+00:00,12
cryptonews.com,2023-06-26 10:56:06+00:00,12
cryptonews.com,2023-06-26 10:55:05+00:00,11
coindesk.com,2021-12-07 14:08:00+00:00,10
cryptonews.com,2023-06-26 10:53:57+00:00,10
cryptonews.com,2023-06-26 10:55:08+00:00,10
cryptonews.com,2023-06-26 10:55:03+00:00,10
cryptonews.com,2023-06-26 10:55:10+00:00,10
