variable,sample,adf_stat,p_value,lags_used,n
ret_lag1,full,-52.550333076318935,0.0,24,67357
ret_lag1,test,-29.401000917940536,0.0,23,17520
en_sent_mean,full,-41.24606720273616,0.0,24,67357
en_sent_mean,test,-21.35942579788999,0.0,24,17519
en_news_intensity,full,-22.680919961367874,0.0,24,67357
en_news_intensity,test,-12.138716489515796,1.6701348803788002e-22,24,17519
ru_sent_mean,full,-46.547562093704684,0.0,24,67357
ru_sent_mean,test,-47.45402887992034,0.0,6,17537
ru_news_intensity,full,-27.100645957897658,0.0,24,67357
ru_news_intensity,test,-13.290843748351115,7.3683521768725515e-25,24,17519
