term,meaning
ASIC,"Специализированное устройство для майнинга."
CBDC,"Цифровая валюта центрального банка."
DAO,"Децентрализованная автономная организация: проект, которым управляют держатели токенов через голосование."
"DeFi, CeFi","DeFi (децентрализованные финансы) — финансовые сервисы на смарт-контрактах без посредников: обмен, кредиты, стейкинг. CeFi — централизованные криптосервисы: биржи, кредиторы."
"DXY, SPX","DXY — индекс доллара США к корзине других валют. SPX — индекс акций S&P 500."
"ETF, ETP","ETF (биржевой фонд) — фонд, доли которого торгуются на бирже как акции; спотовый биткоин-ETF владеет самим биткоином. ETP — биржевой продукт, более широкое понятие."
FDV,"Полная разводнённая капитализация: стоимость всех токенов проекта, включая ещё не выпущенные."
"First Mover, Market Wrap, Protocol Village, The Protocol, Nifty News","Названия регулярных рубрик-обзоров CoinDesk и Cointelegraph."
ICO,"Первичное размещение токенов: проект привлекает деньги, продавая свои токены."
"Индексы CPI и PCE","Индексы потребительских цен в США, главные показатели инфляции."
IPO,"Первичное размещение акций компании на бирже."
NFT,"Невзаимозаменяемый токен — цифровое свидетельство владения уникальным объектом: картинкой, предметом в игре."
"Ordinals, Runes (Runestones)","Способы выпускать NFT и токены прямо в сети биткоина."
"Play-to-earn (P2E)","Игры, в которых за игру можно заработать токены."
"PoW, PoS, The Merge, Shapella","Способы подтверждения блоков: доказательство работы (майнинг) и доказательство доли (стейкинг). The Merge (слияние) — переход Ethereum с PoW на PoS. Shapella — обновление Ethereum, открывшее вывод застейканного эфира."
"SEC, CFTC, FCA, IRS","SEC — Комиссия по ценным бумагам и биржам США; CFTC — Комиссия по торговле товарными фьючерсами США; FCA — финансовый регулятор Великобритании; IRS — налоговая служба США."
Web3,"Общее название интернет-сервисов на блокчейне."
Аирдроп (airdrop),"Бесплатная раздача токенов пользователям, обычно для продвижения проекта."
Альткоин (altcoin),"Любая криптовалюта, кроме биткоина."
Атака 51%,"Ситуация, когда участник контролирует больше половины вычислительной мощности сети и может переписывать историю транзакций, например потратить одни и те же монеты дважды."
"Биржи и компании","Binance, Coinbase, Kraken, OKX, Bybit, Bitget, Bittrex, Poloniex — криптобиржи. FTX — криптобиржа, основанная Сэмом Бэнкманом-Фридом (SBF); Alameda Research — его торговая компания. Terra — блокчейн со стейблкоином UST, сооснователь — До Квон. Grayscale — управляющая компания, её биткоин-фонд — GBTC. MicroStrategy (Strategy), Metaplanet, Semler — публичные компании, покупающие биткоин на баланс. Tether — эмитент стейблкоина USDT, Circle — эмитент USDC. Celsius — криптокредитор. Lazarus — северокорейская хакерская группировка."
"Блокчейн первого уровня (L1)","Самостоятельный блокчейн: биткоин, Ethereum, Solana."
"Блокчейн второго уровня (L2)","Сеть поверх основного блокчейна, которая ускоряет и удешевляет транзакции: Arbitrum, Optimism, Lightning Network."
"Быки и медведи, бычий и медвежий рынок","Быки — участники, которые ставят на рост цены, медведи — на падение. Бычий рынок — период роста цен, медвежий — период падения."
«В убытке» (out of the money),"Текущая цена ниже цены, по которой владелец купил монету."
«Двойное дно» (double bottom),"Фигура технического анализа: цена дважды опускается примерно до одного уровня и отскакивает. Часто трактуется как сигнал разворота вверх."
"Деривативы: фьючерсы, опционы","Производные инструменты, позволяющие ставить на изменение цены, не покупая сам актив."
"Длинная и короткая позиция (long, short)","Ставка на рост цены (длинная) или на её падение (короткая). Закрытие коротких позиций (short covering) — откуп активов теми, кто ставил на падение."
Доминирование (dominance),"Доля монеты в общей капитализации криптовалютного рынка."
"Кастодиальный и некастодиальный кошелёк","Криптовалюта хранится у посредника (кастодиальный) или у самого владельца (некастодиальный, self-custody)."
Кит (whale),"Владелец очень крупного объёма криптовалюты."
Комиссии (fees),"Плата за проведение транзакции в сети блокчейна."
Комплаенс,"Соблюдение законов и требований регуляторов внутри компании."
Консолидация,"Период, когда цена движется в узком диапазоне без выраженного направления."
Корейская премия (kimchi premium),"Разница между ценой биткоина на южнокорейских биржах и на мировых."
"Кроссчейн, мост (bridge)","Протоколы для перевода активов между разными блокчейнами."
Ликвидация (liquidation),"Принудительное закрытие позиции, открытой на заёмные средства, когда цена ушла против трейдера."
"Ликвидный стейкинг, рестейкинг","Ликвидный стейкинг — взамен заблокированных монет выдаётся токен, которым можно торговать. Рестейкинг — повторное использование застейканных монет для обеспечения других сетей."
"Листинг и делистинг","Включение токена в список торгуемых на бирже и исключение из него."
"Майнинг, сложность майнинга, хешрейт","Майнинг — выпуск новых монет и подтверждение транзакций за счёт вычислений. Сложность — параметр сети, определяющий, насколько трудно найти блок. Хешрейт — суммарная вычислительная мощность майнеров."
Майнинг-пул,"Объединение майнеров, которые делят вознаграждение."
Мемкоин (memecoin),"Токен, созданный на основе интернет-мема: DOGE, SHIB, PEPE, WIF."
Метавселенная,"Виртуальный мир, в котором пользователи общаются и владеют цифровыми объектами."
Миксер,"Сервис, смешивающий транзакции, чтобы скрыть их источник (например, Tornado Cash)."
Нода (node),"Компьютер, который хранит копию блокчейна и проверяет транзакции."
Открытый интерес (open interest),"Суммарный объём открытых фьючерсных позиций."
Паттерн Вайкоффа,"Модель технического анализа, описывающая фазы накопления и распределения на графике цены."
Перекупленность (overbought),"Цена выросла слишком быстро; по техническому анализу, возможна коррекция."
"Поддержка и сопротивление","Уровни цены, у которых, по техническому анализу, цена часто останавливается: поддержка — снизу, сопротивление — сверху."
Полная разводнённая капитализация,"См. FDV."
Разблокировка токенов (token unlock),"Момент, когда ранее заблокированные токены команды или инвесторов становятся доступны для продажи."
Ралли,"Быстрый рост цены."
"Рагпулл (rug pull), «мягкий рагпулл»","Вид мошенничества: создатели проекта выводят деньги инвесторов и бросают проект; «мягкий» — постепенно и формально законно."
"Раунд финансирования (Series A, B)","Привлечение инвестиций в компанию; буква обозначает стадию."
Реорганизация блоков (reorg),"Замена части цепочки блоков другой её версией; может использоваться в атаках."
Рыночная капитализация,"Цена монеты, умноженная на число монет в обращении."
Смарт-контракт,"Программа в блокчейне, которая исполняется автоматически."
Стейблкоин,"Токен, цена которого привязана к доллару или другому активу: USDT, USDC."
Стейкинг,"Блокировка монет для поддержки работы сети в обмен на вознаграждение."
Степенной закон (power law),"Модель, по которой цена биткоина в долгосрочной перспективе растёт как степенная функция времени."
"Тестовая и основная сеть (testnet, mainnet)","Сеть для испытаний и рабочая сеть с настоящими активами."
"Токенизация, RWA","Выпуск токенов, представляющих реальные активы (RWA): облигации, недвижимость, товары."
"ФРС, FOMC","ФРС (Fed) — центральный банк США; FOMC — его комитет, принимающий решения о процентной ставке."
Фиат,"Обычные государственные валюты: доллар, рубль."
Халвинг,"Запрограммированное уменьшение вдвое награды майнерам биткоина примерно раз в четыре года."
"Хардфорк, форк","Изменение правил блокчейна; если часть участников не принимает изменения, сеть разделяется на две."
Шардинг,"Разделение блокчейна на части для масштабирования."
"Эксплойт, взлом","Использование уязвимости протокола для кражи средств."
Эмитент,"Организация, выпускающая токен или ценную бумагу."
